std_key,median_time,mean_time,n_races,distance,courseName,surface
ASCOT_10.0_Turf,137.73229518886967,137.87416659065377,84,10.0,ASCOT,Turf
ASCOT_12.0_Turf,165.28257377833853,165.2826196559759,198,12.0,ASCOT,Turf
ASCOT_14.0_Turf,198.779303887755,199.22458955023032,37,14.0,ASCOT,Turf
ASCOT_16.0_Turf,227.19315885416665,227.402022435442,65,16.0,ASCOT,Turf
ASCOT_20.0_Turf,287.2865381955475,286.94899319149107,22,20.0,ASCOT,Turf
ASCOT_5.0_Turf,65.55884736990464,65.4950221686997,160,5.0,ASCOT,Turf
ASCOT_6.0_Turf,79.935391133717,79.99246483696123,219,6.0,ASCOT,Turf
ASCOT_7.0_Turf,94.8474792669605,94.92622368257133,192,7.0,ASCOT,Turf
ASCOT_8.0_Turf,109.1246936814461,109.19738340512838,285,8.0,ASCOT,Turf
AYR_10.0_Turf,139.4054052018792,139.56283508485515,223,10.0,AYR,Turf
AYR_13.0_Turf,187.72593658391995,187.50698594453158,92,13.06,AYR,Turf
AYR_15.0_Turf,215.89073367023948,216.79917077522583,25,15.0,AYR,Turf
AYR_5.0_Turf,63.97250205469392,63.91705115097296,152,5.0,AYR,Turf
AYR_5.5_Turf,70.34964079748661,70.26246283092986,16,5.5,AYR,Turf
AYR_6.0_Turf,78.01081508169439,78.03086692803127,306,6.0,AYR,Turf
AYR_7.0_Turf,98.00105223310385,98.03162390559956,293,7.23,AYR,Turf
AYR_8.0_Turf,109.04054624194583,109.14490747283439,249,8.0,AYR,Turf
AYR_9.0_Turf,125.77526509121577,125.9485556977701,16,9.09,AYR,Turf
BALLINROBE_10.0_Turf,138.4812384337689,138.35235387312218,18,9.75,BALLINROBE,Turf
BALLINROBE_13.0_Turf,188.11754480259276,189.24421323187903,49,13.0,BALLINROBE,Turf
BALLINROBE_9.5_Turf,136.0606614002112,136.80824479585107,74,9.5,BALLINROBE,Turf
BATH_10.0_Turf,140.35522526092737,140.41343309753375,217,10.21,BATH,Turf
BATH_11.5_Turf,161.58969499509635,161.69225500044718,140,11.65,BATH,Turf
BATH_13.0_Turf,185.41294991203205,185.3673938475457,72,13.1,BATH,Turf
BATH_14.0_Turf,198.5328881104389,198.65275343857866,64,14.0,BATH,Turf
BATH_17.0_Turf,247.44964143151498,248.0388833996862,33,17.15,BATH,Turf
BATH_5.0_Turf,66.7624865491035,66.77490827740807,328,5.05,BATH,Turf
BATH_5.5_Turf,76.34403684211682,76.382477765181,369,5.73,BATH,Turf
BATH_8.0_Turf,108.94063868095277,108.97234317867878,297,8.02,BATH,Turf
BELLEWSTOWN_12.0_Turf,170.86239046701215,171.05938826601087,60,12.0,BELLEWSTOWN,Turf
BELLEWSTOWN_12.5_Turf,173.61588021324567,173.31272048680518,15,12.29,BELLEWSTOWN,Turf
BELLEWSTOWN_5.0_Turf,64.395671842668,64.36136678574411,84,5.0,BELLEWSTOWN,Turf
BELLEWSTOWN_7.5_Turf,107.08556147854364,107.10885149995397,16,7.73,BELLEWSTOWN,Turf
BELLEWSTOWN_8.0_Turf,107.70655661879496,107.70258631607415,148,7.86,BELLEWSTOWN,Turf
BEVERLEY_10.0_Turf,136.05468865802266,136.1543155123881,271,9.94,BEVERLEY,Turf
BEVERLEY_12.0_Turf,170.967516415357,171.16671728082156,110,12.07,BEVERLEY,Turf
BEVERLEY_16.0_Turf,233.0056554888012,233.02872818025543,33,16.16,BEVERLEY,Turf
BEVERLEY_5.0_Turf,67.90497536438939,67.89318599961275,466,5.0,BEVERLEY,Turf
BEVERLEY_7.5_Turf,100.38369280221892,100.46266870458547,372,7.45,BEVERLEY,Turf
BEVERLEY_8.5_Turf,114.4907400755988,114.64559484698476,197,8.45,BEVERLEY,Turf
BRIGHTON_10.0_Turf,132.66219019816128,132.92505000738822,223,9.95,BRIGHTON,Turf
BRIGHTON_12.0_Turf,165.00949473374553,165.15970265128237,147,11.89,BRIGHTON,Turf
BRIGHTON_5.5_Turf,67.09123085228333,67.14530011161523,216,5.27,BRIGHTON,Turf
BRIGHTON_6.0_Turf,75.73110384451702,75.76543967175003,261,5.97,BRIGHTON,Turf
BRIGHTON_7.0_Turf,89.18396077176052,89.3345167268319,340,6.95,BRIGHTON,Turf
BRIGHTON_8.0_Turf,103.05553122004645,103.11309373988483,285,7.97,BRIGHTON,Turf
CARLISLE_11.0_Turf,156.54932768885357,156.63738438024185,82,11.18,CARLISLE,Turf
CARLISLE_14.0_Turf,202.0555736813448,202.35160714860288,31,14.15,CARLISLE,Turf
CARLISLE_17.0_Turf,248.67451120153797,249.38086544273784,19,17.24,CARLISLE,Turf
CARLISLE_5.0_Turf,66.06989900984405,66.10660410362125,114,5.0,CARLISLE,Turf
CARLISLE_6.0_Turf,78.63935460252307,78.70797051205963,222,5.88,CARLISLE,Turf
CARLISLE_7.0_Turf,93.97476323603424,94.1058142676171,147,6.87,CARLISLE,Turf
CARLISLE_8.0_Turf,107.04100242815639,107.25283350504293,169,7.91,CARLISLE,Turf
CARLISLE_9.0_Turf,126.02594328132407,126.3939514020164,91,9.0,CARLISLE,Turf
CATTERICK BRIDGE_12.0_Turf,169.83636489827722,170.30797356036737,196,11.97,CATTERICK BRIDGE,Turf
CATTERICK BRIDGE_14.0_Turf,197.393,197.76101844434675,69,13.8,CATTERICK BRIDGE,Turf
CATTERICK BRIDGE_16.0_Turf,227.41477491869992,227.81427096643597,67,15.8,CATTERICK BRIDGE,Turf
CATTERICK BRIDGE_5.0_Turf,64.07184926757168,64.1171489619253,300,5.0,CATTERICK BRIDGE,Turf
CATTERICK BRIDGE_6.0_Turf,78.8102987888704,79.06363266302084,279,5.96,CATTERICK BRIDGE,Turf
CATTERICK BRIDGE_7.0_Turf,92.94291449401612,93.15103816410388,372,7.0,CATTERICK BRIDGE,Turf
CHELMSFORD CITY_10.0_All Weather,135.23241848544973,135.31938381874465,826,10.0,CHELMSFORD CITY,All Weather
CHELMSFORD CITY_13.5_All Weather,184.288801875,184.49679623765817,155,13.3,CHELMSFORD CITY,All Weather
CHELMSFORD CITY_14.0_All Weather,193.52984846230157,193.7504622399408,182,14.0,CHELMSFORD CITY,All Weather
CHELMSFORD CITY_16.0_All Weather,223.83459473922903,223.93247847229384,126,16.0,CHELMSFORD CITY,All Weather
CHELMSFORD CITY_5.0_All Weather,63.74731859410431,63.759289330135005,473,5.0,CHELMSFORD CITY,All Weather
CHELMSFORD CITY_6.0_All Weather,77.46609761904763,77.48525998759371,821,6.0,CHELMSFORD CITY,All Weather
CHELMSFORD CITY_7.0_All Weather,91.82653055555555,91.83443791563073,823,7.0,CHELMSFORD CITY,All Weather
CHELMSFORD CITY_8.0_All Weather,105.748107010582,105.81878357588948,866,8.0,CHELMSFORD CITY,All Weather
CHEPSTOW_10.0_Turf,137.9686145949284,138.29362909093783,113,10.16,CHEPSTOW,Turf
CHEPSTOW_12.0_Turf,168.6259409476736,168.89803875129488,121,12.1,CHEPSTOW,Turf
CHEPSTOW_16.0_Turf,231.5649473410548,231.12032035956642,52,16.22,CHEPSTOW,Turf
CHEPSTOW_5.0_Turf,63.81470046539449,63.86373153216603,187,5.07,CHEPSTOW,Turf
CHEPSTOW_6.0_Turf,76.87801367841422,76.87841516073532,210,6.07,CHEPSTOW,Turf
CHEPSTOW_7.0_Turf,89.46543762158981,89.5216590883029,235,7.07,CHEPSTOW,Turf
CHEPSTOW_8.0_Turf,102.554523815977,102.59617527115184,178,8.06,CHEPSTOW,Turf
CHESTER_10.5_Turf,142.07302165812698,142.0933837829924,63,10.32,CHESTER,Turf
CHESTER_12.5_Turf,172.70275320639288,172.22658264577555,46,12.29,CHESTER,Turf
CHESTER_14.5_Turf,204.41442843820164,204.542956686871,16,14.4,CHESTER,Turf
CHESTER_16.0_Turf,225.9934071650114,226.2100250428104,20,15.89,CHESTER,Turf
CHESTER_5.0_Turf,66.10505138853785,65.942506123876,47,5.07,CHESTER,Turf
CHESTER_6.0_Turf,80.68862817917346,80.56486742022038,63,6.08,CHESTER,Turf
CHESTER_7.0_Turf,93.76900636684718,93.83769203608492,61,7.0,CHESTER,Turf
CHESTER_7.5_Turf,101.3132319083198,101.47165312861809,51,7.58,CHESTER,Turf
CLONMEL_16.5_Turf,241.15821689259644,242.50700263537365,15,16.5,CLONMEL,Turf
CLONMEL_9.5_Turf,135.55802210764023,135.2971726200765,35,9.75,CLONMEL,Turf
CORK_10.0_Turf,140.82177198412182,142.93483698975055,84,10.23,CORK,Turf
CORK_12.0_Turf,167.67574801443124,168.6474963569819,68,12.0,CORK,Turf
CORK_5.0_Turf,63.82309089046547,64.04385258563788,113,5.0,CORK,Turf
CORK_6.0_Turf,77.41709333333333,77.65760263891528,98,6.0,CORK,Turf
CORK_7.0_Turf,91.94655555555555,93.14989972304224,127,7.0,CORK,Turf
CORK_8.0_Turf,108.73094419152724,108.9883000593815,92,8.0,CORK,Turf
CORK_8.5_Turf,116.87385448407846,119.73173573596696,60,8.68,CORK,Turf
CURRAGH_10.0_Turf,137.90717467152024,138.41031793425321,218,10.0,CURRAGH,Turf
CURRAGH_12.0_Turf,167.20330922943953,167.9580150505524,144,12.0,CURRAGH,Turf
CURRAGH_14.0_Turf,196.5084851694832,196.76377660174683,49,14.0,CURRAGH,Turf
CURRAGH_16.0_Turf,226.78920770350183,226.96518599929098,39,16.0,CURRAGH,Turf
CURRAGH_5.0_Turf,64.20024852443478,64.63272401199661,173,5.0,CURRAGH,Turf
CURRAGH_6.0_Turf,78.30285386499946,78.57165246776671,403,6.0,CURRAGH,Turf
CURRAGH_6.5_Turf,82.69240223434744,82.68474827777315,53,6.29,CURRAGH,Turf
CURRAGH_7.0_Turf,91.98696444444444,92.25857612303582,329,7.0,CURRAGH,Turf
CURRAGH_8.0_Turf,106.96373820459114,107.50880899806306,287,8.0,CURRAGH,Turf
CURRAGH_9.0_Turf,122.32104102619425,122.82285688523764,40,9.0,CURRAGH,Turf
DONCASTER_10.0_Turf,140.57004360222282,140.72594925192,192,10.2,DONCASTER,Turf
DONCASTER_10.5_Turf,140.00391598278713,140.08782883808982,62,10.27,DONCASTER,Turf
DONCASTER_12.0_Turf,165.38578886140556,165.71701009738908,183,12.0,DONCASTER,Turf
DONCASTER_14.5_Turf,202.90084866042835,203.0108676327523,90,14.6,DONCASTER,Turf
DONCASTER_16.5_Turf,235.6888030253516,236.8995422399915,22,16.5,DONCASTER,Turf
DONCASTER_5.0_Turf,64.0333845996511,64.21038150251461,176,5.0,DONCASTER,Turf
DONCASTER_5.5_Turf,72.69823304694128,72.92011891206886,26,5.64,DONCASTER,Turf
DONCASTER_6.0_Turf,78.16146627951889,78.19028265606528,350,6.0,DONCASTER,Turf
DONCASTER_6.5_Turf,85.40964253294527,85.49988383445087,48,6.5,DONCASTER,Turf
DONCASTER_7.0_Turf,92.66252802114997,92.74946596730389,427,7.0,DONCASTER,Turf
DONCASTER_8.0_Turf,106.61077756547331,106.70093176277639,260,8.0,DONCASTER,Turf
DOWN ROYAL_10.5_Turf,146.20463586065188,146.22066305145287,60,10.45,DOWN ROYAL,Turf
DOWN ROYAL_12.5_Turf,181.19391798391155,181.14684643416538,26,12.48,DOWN ROYAL,Turf
DOWN ROYAL_13.0_Turf,181.805947959889,181.69086624962856,38,12.89,DOWN ROYAL,Turf
DOWN ROYAL_5.0_Turf,64.34365750011634,64.33867714339425,85,5.0,DOWN ROYAL,Turf
DOWN ROYAL_7.0_Turf,95.1788239385169,95.04244266423733,82,7.0,DOWN ROYAL,Turf
DUNDALK_10.5_All Weather,145.17759119761905,145.30466266493994,568,10.68,DUNDALK,All Weather
DUNDALK_12.0_All Weather,164.31823619248263,164.49812768421725,434,12.0,DUNDALK,All Weather
DUNDALK_16.0_All Weather,224.8038990948814,225.10968267768337,92,16.0,DUNDALK,All Weather
DUNDALK_5.0_All Weather,63.92006933576333,63.912800036279876,321,5.0,DUNDALK,All Weather
DUNDALK_6.0_All Weather,77.90563016653292,77.92371340710604,446,6.0,DUNDALK,All Weather
DUNDALK_7.0_All Weather,92.09398024929774,92.08565943933809,814,7.0,DUNDALK,All Weather
DUNDALK_8.0_All Weather,105.81368836573331,105.81473438653123,841,8.0,DUNDALK,All Weather
EPSOM DOWNS_10.0_Turf,138.7721766206434,139.0231083631213,139,10.08,EPSOM DOWNS,Turf
EPSOM DOWNS_12.0_Turf,171.70401066506517,171.56507278079255,137,12.05,EPSOM DOWNS,Turf
EPSOM DOWNS_5.0_Turf,60.11432736913894,59.86161165177283,28,5.0,EPSOM DOWNS,Turf
EPSOM DOWNS_6.0_Turf,75.15973492668739,75.33721766156185,69,6.0,EPSOM DOWNS,Turf
EPSOM DOWNS_7.0_Turf,90.10315768433077,90.24536616504425,197,7.0,EPSOM DOWNS,Turf
EPSOM DOWNS_8.5_Turf,113.77353890381687,113.92531503425329,142,8.52,EPSOM DOWNS,Turf
FAIRYHOUSE_10.0_Turf,139.49292162698413,139.5408431521841,62,10.0,FAIRYHOUSE,Turf
FAIRYHOUSE_12.0_Turf,170.2812119047619,171.2728401153274,64,12.0,FAIRYHOUSE,Turf
FAIRYHOUSE_6.0_Turf,80.54556190476193,80.76945677972549,173,6.0,FAIRYHOUSE,Turf
FAIRYHOUSE_7.0_Turf,95.20415740740741,95.56252584444937,119,7.0,FAIRYHOUSE,Turf
FFOS LAS_10.0_Turf,139.1591183353799,140.81019203440215,65,10.0,FFOS LAS,Turf
FFOS LAS_12.0_Turf,167.82823804153728,168.87340019287586,71,12.0,FFOS LAS,Turf
FFOS LAS_14.0_Turf,198.51767474254896,199.53023593731407,30,14.0,FFOS LAS,Turf
FFOS LAS_16.0_Turf,231.32109590101095,231.29097068086443,27,16.0,FFOS LAS,Turf
FFOS LAS_5.0_Turf,63.01945505533457,63.219455927312865,60,5.0,FFOS LAS,Turf
FFOS LAS_6.0_Turf,76.1954523437297,76.80802396498528,94,6.0,FFOS LAS,Turf
FFOS LAS_7.5_Turf,100.09228185601714,100.91039701765077,122,7.36,FFOS LAS,Turf
FFOS LAS_8.0_Turf,108.89159459436749,109.62763278141544,74,8.0,FFOS LAS,Turf
GALWAY_12.0_Turf,173.73149696283122,173.62012724463844,108,11.82,GALWAY,Turf
GALWAY_14.0_Turf,205.00668742451975,204.35928190127754,24,13.85,GALWAY,Turf
GALWAY_7.0_Turf,97.04416330826906,97.14819225019635,163,7.0,GALWAY,Turf
GALWAY_8.5_Turf,117.38954415007612,117.35613526228096,134,8.33,GALWAY,Turf
GOODWOOD_10.0_Turf,137.78297399134343,137.8640415786112,173,9.87,GOODWOOD,Turf
GOODWOOD_11.0_Turf,158.13014295320352,158.3490316998045,52,11.0,GOODWOOD,Turf
GOODWOOD_12.0_Turf,170.50051409153485,170.6813488459234,124,12.0,GOODWOOD,Turf
GOODWOOD_14.0_Turf,198.0387005798197,198.48675924805815,84,14.0,GOODWOOD,Turf
GOODWOOD_16.0_Turf,225.8978618124417,226.67994221490235,67,16.0,GOODWOOD,Turf
GOODWOOD_5.0_Turf,62.91776097035848,62.960140153601394,139,5.0,GOODWOOD,Turf
GOODWOOD_6.0_Turf,77.50885908335276,77.4851952743719,249,6.0,GOODWOOD,Turf
GOODWOOD_7.0_Turf,93.98605635692289,94.03552079598462,228,7.0,GOODWOOD,Turf
GOODWOOD_8.0_Turf,107.17199707220574,107.31954110612394,185,8.0,GOODWOOD,Turf
GOODWOOD_9.0_Turf,125.72496066148045,125.87328789410326,69,9.0,GOODWOOD,Turf
GOWRAN PARK_12.0_Turf,169.44099440267334,171.7650516572378,35,12.0,GOWRAN PARK,Turf
GOWRAN PARK_14.0_Turf,197.29116664793236,199.50258342156255,40,14.0,GOWRAN PARK,Turf
GOWRAN PARK_7.0_Turf,93.82178070175439,94.38831388654137,261,7.0,GOWRAN PARK,Turf
GOWRAN PARK_8.0_Turf,108.3026870128054,108.91446282310592,248,8.0,GOWRAN PARK,Turf
GOWRAN PARK_8.5_Turf,118.680986654201,118.35421362607383,20,8.34,GOWRAN PARK,Turf
GOWRAN PARK_9.5_Turf,131.32504304276316,131.8615276009972,302,9.45,GOWRAN PARK,Turf
HAMILTON PARK_11.0_Turf,154.24095564165077,154.58086736328002,103,11.07,HAMILTON PARK,Turf
HAMILTON PARK_12.0_Turf,169.08430196780753,169.12158875404126,94,12.08,HAMILTON PARK,Turf
HAMILTON PARK_13.0_Turf,183.69386000404128,184.0871017423608,63,13.04,HAMILTON PARK,Turf
HAMILTON PARK_5.0_Turf,64.21592289183027,64.21682961663966,278,5.02,HAMILTON PARK,Turf
HAMILTON PARK_6.0_Turf,77.3283542505499,77.34946098268752,378,6.02,HAMILTON PARK,Turf
HAMILTON PARK_8.5_Turf,115.02990437781528,115.14361618433787,250,8.3,HAMILTON PARK,Turf
HAMILTON PARK_9.0_Turf,126.46426697934484,126.66383803487827,149,9.16,HAMILTON PARK,Turf
HAYDOCK PARK_10.0_Turf,142.30059444136234,142.39490836015023,122,10.19,HAYDOCK PARK,Turf
HAYDOCK PARK_10.5_Turf,143.43954300637523,143.58488015630493,84,10.43,HAYDOCK PARK,Turf
HAYDOCK PARK_11.5_Turf,164.20093658250366,164.0931288381594,89,11.64,HAYDOCK PARK,Turf
HAYDOCK PARK_12.0_Turf,164.11949729614992,164.55908714495737,108,11.91,HAYDOCK PARK,Turf
HAYDOCK PARK_14.0_Turf,199.3423201370102,199.43913530417876,104,14.0,HAYDOCK PARK,Turf
HAYDOCK PARK_16.0_Turf,232.32430616799326,233.13441279677238,27,16.2,HAYDOCK PARK,Turf
HAYDOCK PARK_5.0_Turf,64.99371080099729,64.86851776630343,186,5.0,HAYDOCK PARK,Turf
HAYDOCK PARK_6.0_Turf,79.24566246602473,79.21621617583479,321,6.0,HAYDOCK PARK,Turf
HAYDOCK PARK_7.0_Turf,95.75423100502513,95.7748603564759,315,7.0,HAYDOCK PARK,Turf
HAYDOCK PARK_8.0_Turf,110.16444598131213,110.29821120362155,359,8.0,HAYDOCK PARK,Turf
KEMPTON PARK_10.0_All Weather,136.0751494572291,136.03715418515398,71,10.0,KEMPTON PARK,All Weather
KEMPTON PARK_11.0_All Weather,150.89687865014292,151.08101156148936,419,11.0,KEMPTON PARK,All Weather
KEMPTON PARK_12.0_All Weather,165.14311519866547,165.29652214320092,577,12.0,KEMPTON PARK,All Weather
KEMPTON PARK_16.0_All Weather,224.9810774651019,225.19766421423247,289,16.0,KEMPTON PARK,All Weather
KEMPTON PARK_5.0_All Weather,64.60459154687237,64.74461181656558,108,5.0,KEMPTON PARK,All Weather
KEMPTON PARK_6.0_All Weather,78.10716111202876,78.09799116564903,952,6.0,KEMPTON PARK,All Weather
KEMPTON PARK_7.0_All Weather,92.40027234163264,92.43767239605528,1197,7.0,KEMPTON PARK,All Weather
KEMPTON PARK_8.0_All Weather,106.6515817144024,106.72258836427491,1308,8.0,KEMPTON PARK,All Weather
KILLARNEY_11.0_Turf,157.84953421386308,158.04984849453848,91,11.0,KILLARNEY,Turf
KILLARNEY_11.5_Turf,158.6832829482247,158.92128707502528,15,11.36,KILLARNEY,Turf
KILLARNEY_14.0_Turf,202.60480383123908,203.72468049205224,47,14.0,KILLARNEY,Turf
KILLARNEY_17.0_Turf,246.34503835653837,246.51296987524282,29,17.0,KILLARNEY,Turf
KILLARNEY_8.0_Turf,110.92566666666667,110.91642896401846,237,8.09,KILLARNEY,Turf
KILLARNEY_8.5_Turf,112.11580545454547,112.24295776826368,31,8.45,KILLARNEY,Turf
LAYTOWN_6.0_All Weather,76.80991071428572,76.63000094745419,21,6.0,LAYTOWN,All Weather
LAYTOWN_7.0_All Weather,90.27072916666667,90.39449499387374,39,7.0,LAYTOWN,All Weather
LEICESTER_10.0_Turf,138.06409250714785,138.34092340634874,194,9.99,LEICESTER,Turf
LEICESTER_12.0_Turf,165.3079598934251,166.0673329811301,176,11.83,LEICESTER,Turf
LEICESTER_5.0_Turf,64.82428834328476,64.94645306574803,141,5.0,LEICESTER,Turf
LEICESTER_6.0_Turf,77.77712191373519,77.86384093769682,283,6.0,LEICESTER,Turf
LEICESTER_7.0_Turf,91.59744147787983,91.73071741394013,417,7.0,LEICESTER,Turf
LEICESTER_8.0_Turf,113.15295499754963,113.52005235779902,148,8.24,LEICESTER,Turf
LEICESTER_8.5_Turf,112.97129669516208,113.40610692607399,40,8.27,LEICESTER,Turf
LEOPARDSTOWN_10.0_Turf,139.09350754285788,140.2043459358934,174,10.0,LEOPARDSTOWN,Turf
LEOPARDSTOWN_12.0_Turf,168.7678874329906,169.09143849634495,99,12.0,LEOPARDSTOWN,Turf
LEOPARDSTOWN_13.0_Turf,180.77704211405512,180.558595631472,57,13.0,LEOPARDSTOWN,Turf
LEOPARDSTOWN_14.0_Turf,195.25440003946036,195.8137809458788,34,14.0,LEOPARDSTOWN,Turf
LEOPARDSTOWN_15.0_Turf,214.30999875806666,214.70357717442093,50,15.0,LEOPARDSTOWN,Turf
LEOPARDSTOWN_6.0_Turf,81.35951600000001,81.39504867101365,34,6.0,LEOPARDSTOWN,Turf
LEOPARDSTOWN_7.0_Turf,96.56341567189918,97.07212603086738,329,7.0,LEOPARDSTOWN,Turf
LEOPARDSTOWN_8.0_Turf,110.13842867262628,110.60002004590186,322,8.0,LEOPARDSTOWN,Turf
LEOPARDSTOWN_9.0_Turf,124.09582883927547,124.8766827852318,104,9.0,LEOPARDSTOWN,Turf
LIMERICK_11.5_Turf,161.23000349917703,162.92750950242214,73,11.32,LIMERICK,Turf
LIMERICK_12.5_Turf,176.9526042883832,177.43055649623574,25,12.5,LIMERICK,Turf
LIMERICK_6.5_Turf,90.64553495317335,91.36856826836984,56,6.73,LIMERICK,Turf
LIMERICK_7.0_Turf,97.1803569127658,98.20753212658602,76,7.23,LIMERICK,Turf
LIMERICK_8.0_Turf,111.15051403686134,112.13273190133056,105,8.23,LIMERICK,Turf
LINGFIELD PARK_10.0_All Weather,134.82999999999998,134.88611318648645,793,10.0,LINGFIELD PARK,All Weather
LINGFIELD PARK_10.0_Turf,138.54910455139665,138.54768327538451,95,10.0,LINGFIELD PARK,Turf
LINGFIELD PARK_11.5_Turf,162.39256593449312,162.54332281020137,158,11.48,LINGFIELD PARK,Turf
LINGFIELD PARK_12.0_All Weather,162.79102308596362,163.03904838667245,551,12.0,LINGFIELD PARK,All Weather
LINGFIELD PARK_13.0_All Weather,177.33249516913824,177.3831043384695,69,13.0,LINGFIELD PARK,All Weather
LINGFIELD PARK_14.0_Turf,198.5380921516762,199.50407228383426,21,14.0,LINGFIELD PARK,Turf
LINGFIELD PARK_16.0_All Weather,218.623,219.1026555495396,212,15.77,LINGFIELD PARK,All Weather
LINGFIELD PARK_16.5_Turf,232.43281596011315,232.61377436582865,26,16.31,LINGFIELD PARK,Turf
LINGFIELD PARK_5.0_All Weather,63.023225259539345,63.00726263304271,512,5.03,LINGFIELD PARK,All Weather
LINGFIELD PARK_5.0_Turf,62.64574896109954,62.681657422925255,122,5.0,LINGFIELD PARK,Turf
LINGFIELD PARK_6.0_All Weather,76.76572976934814,76.81489670808416,774,6.0,LINGFIELD PARK,All Weather
LINGFIELD PARK_6.0_Turf,76.53167175696424,76.65336819404132,180,6.0,LINGFIELD PARK,Turf
LINGFIELD PARK_7.0_All Weather,90.70758810784626,90.75030361801485,851,7.0,LINGFIELD PARK,All Weather
LINGFIELD PARK_7.0_Turf,89.9633333935876,90.0501627841317,216,7.0,LINGFIELD PARK,Turf
LINGFIELD PARK_7.5_Turf,98.31017704036272,98.26430118567771,103,7.64,LINGFIELD PARK,Turf
LINGFIELD PARK_8.0_All Weather,104.8681729892597,104.88543338530037,938,8.0,LINGFIELD PARK,All Weather
LINGFIELD PARK_9.0_Turf,123.85477236621848,123.98624334810795,40,9.0,LINGFIELD PARK,Turf
LISTOWEL_12.0_Turf,173.54785996240605,173.6833570352606,29,12.0,LISTOWEL,Turf
LISTOWEL_14.0_Turf,211.13372230085946,215.19276712046332,26,14.0,LISTOWEL,Turf
LISTOWEL_6.5_Turf,86.39172506150794,87.4451746844449,35,6.27,LISTOWEL,Turf
LISTOWEL_7.0_Turf,96.423728874269,97.24406296782111,69,7.0,LISTOWEL,Turf
LISTOWEL_8.0_Turf,110.28868422065264,111.69616679331504,94,8.0,LISTOWEL,Turf
LISTOWEL_9.0_Turf,123.32121640037593,124.79436740383224,23,9.0,LISTOWEL,Turf
MUSSELBURGH_12.5_Turf,175.82390939965364,176.20528249526646,113,12.45,MUSSELBURGH,Turf
MUSSELBURGH_14.0_Turf,197.90859303870613,197.5619190181878,53,14.0,MUSSELBURGH,Turf
MUSSELBURGH_16.0_Turf,227.49567375797713,228.6485182946685,55,16.0,MUSSELBURGH,Turf
MUSSELBURGH_5.0_Turf,64.46894301988306,64.48809044151557,382,5.0,MUSSELBURGH,Turf
MUSSELBURGH_7.0_Turf,95.50231077995002,95.59784780828939,336,7.15,MUSSELBURGH,Turf
MUSSELBURGH_8.0_Turf,108.15066545511621,108.19778781553595,132,8.01,MUSSELBURGH,Turf
MUSSELBURGH_9.0_Turf,121.89805347322744,122.04610655825651,91,8.95,MUSSELBURGH,Turf
NAAS_10.0_Turf,142.8808778182174,143.27501623850358,90,10.0,NAAS,Turf
NAAS_10.5_Turf,145.1068418615344,145.68053208000626,30,10.5,NAAS,Turf
NAAS_12.0_Turf,166.02264484170476,165.9465058996443,33,12.0,NAAS,Turf
NAAS_5.0_Turf,64.65229370226561,64.77448730688535,124,5.0,NAAS,Turf
NAAS_6.0_Turf,77.32039103249612,77.58058044509141,327,6.0,NAAS,Turf
NAAS_7.0_Turf,94.17887863968522,94.85083614735069,151,7.0,NAAS,Turf
NAAS_8.0_Turf,108.78730930431757,109.23952049620185,191,8.0,NAAS,Turf
NAVAN_10.0_Turf,138.32412128037257,139.3870151445873,162,10.0,NAVAN,Turf
NAVAN_13.0_Turf,186.11383048433385,188.71112176553228,69,13.0,NAVAN,Turf
NAVAN_14.0_Turf,201.67774677706024,202.80977095702946,55,14.0,NAVAN,Turf
NAVAN_5.0_Turf,66.11062289339301,66.43518785197219,176,5.0,NAVAN,Turf
NAVAN_5.5_Turf,76.82300419528389,77.30646130164749,107,5.75,NAVAN,Turf
NAVAN_6.0_Turf,77.47200956872337,77.61478685980705,74,5.83,NAVAN,Turf
NAVAN_8.0_Turf,111.20367590668218,112.1846120045913,112,8.0,NAVAN,Turf
NEWBURY_10.0_Turf,137.51690326954517,137.55614802078725,244,10.03,NEWBURY,Turf
NEWBURY_11.0_Turf,152.20984098930379,152.60139065901808,35,11.02,NEWBURY,Turf
NEWBURY_12.0_Turf,166.8862568322018,166.96966871392306,143,12.02,NEWBURY,Turf
NEWBURY_13.5_Turf,185.2283559385291,185.1626173083402,51,13.28,NEWBURY,Turf
NEWBURY_16.0_Turf,229.4582423161525,230.59026338508178,17,16.0,NEWBURY,Turf
NEWBURY_5.0_Turf,66.1630207085135,66.09052899050809,74,5.15,NEWBURY,Turf
NEWBURY_6.0_Turf,78.56871822639951,78.61232271936555,266,6.04,NEWBURY,Turf
NEWBURY_6.5_Turf,86.11900231004407,86.23705543173425,29,6.5,NEWBURY,Turf
NEWBURY_7.0_Turf,92.43142336256999,92.50582526235202,319,7.0,NEWBURY,Turf
NEWBURY_8.0_Turf,107.11562206349205,107.1894031126638,201,8.0,NEWBURY,Turf
NEWCASTLE_10.0_All Weather,140.5617829352632,140.8302939642573,455,10.19,NEWCASTLE,All Weather
NEWCASTLE_10.0_Turf,141.29270125435653,140.98791573820418,17,10.15,NEWCASTLE,Turf
NEWCASTLE_12.5_All Weather,173.23231560559026,173.71621399554417,357,12.45,NEWCASTLE,All Weather
NEWCASTLE_16.5_All Weather,230.53116490743824,231.21490726128792,185,16.25,NEWCASTLE,All Weather
NEWCASTLE_5.0_All Weather,63.75473523748272,63.797414633450416,622,5.09,NEWCASTLE,All Weather
NEWCASTLE_5.0_Turf,65.38601286592296,65.46913518789744,18,5.0,NEWCASTLE,Turf
NEWCASTLE_6.0_All Weather,77.95780188396837,77.97845423669216,876,6.0,NEWCASTLE,All Weather
NEWCASTLE_6.0_Turf,79.64979001163445,79.90843716272089,22,6.0,NEWCASTLE,Turf
NEWCASTLE_7.0_All Weather,93.46983933281136,93.59498402444162,901,7.06,NEWCASTLE,All Weather
NEWCASTLE_7.0_Turf,93.46840244459152,93.7897516885397,23,7.0,NEWCASTLE,Turf
NEWCASTLE_8.0_All Weather,107.47096957487035,107.63773644251432,898,8.02,NEWCASTLE,All Weather
NEWCASTLE_8.0_Turf,109.5838109781481,109.42530751457078,20,8.01,NEWCASTLE,Turf
NEWMARKET (JULY)_10.0_Turf,135.94588324175825,136.11167865297526,145,10.0,NEWMARKET (JULY),Turf
NEWMARKET (JULY)_12.0_Turf,164.40919386675824,164.5167814070289,142,12.0,NEWMARKET (JULY),Turf
NEWMARKET (JULY)_13.0_Turf,178.47047363095237,178.605960442295,24,13.0,NEWMARKET (JULY),Turf
NEWMARKET (JULY)_14.0_Turf,193.58515993589742,193.36801157336626,46,14.0,NEWMARKET (JULY),Turf
NEWMARKET (JULY)_5.0_Turf,63.52750225939735,63.48413755809607,64,5.0,NEWMARKET (JULY),Turf
NEWMARKET (JULY)_6.0_Turf,77.66211208791209,77.79913855899107,323,6.0,NEWMARKET (JULY),Turf
NEWMARKET (JULY)_7.0_Turf,92.25950258814103,92.33485893614181,422,7.0,NEWMARKET (JULY),Turf
NEWMARKET (JULY)_8.0_Turf,106.63056469780221,106.72543113115677,266,8.0,NEWMARKET (JULY),Turf
NEWMARKET (ROWLEY)_10.0_Turf,134.46274265873018,134.59209690855332,195,10.0,NEWMARKET (ROWLEY),Turf
NEWMARKET (ROWLEY)_12.0_Turf,163.98131532738097,164.20332782107744,134,12.0,NEWMARKET (ROWLEY),Turf
NEWMARKET (ROWLEY)_14.0_Turf,192.6090763888889,192.59590005991285,17,14.0,NEWMARKET (ROWLEY),Turf
NEWMARKET (ROWLEY)_16.0_Turf,221.32540357142858,221.3826824346183,20,16.0,NEWMARKET (ROWLEY),Turf
NEWMARKET (ROWLEY)_18.0_Turf,249.11357249999998,249.33882693181815,22,18.0,NEWMARKET (ROWLEY),Turf
NEWMARKET (ROWLEY)_5.0_Turf,63.97564037698413,64.28527315006372,82,5.0,NEWMARKET (ROWLEY),Turf
NEWMARKET (ROWLEY)_6.0_Turf,77.40975773809524,77.52514358032316,221,6.0,NEWMARKET (ROWLEY),Turf
NEWMARKET (ROWLEY)_7.0_Turf,91.97192739583332,92.10011193564156,392,7.0,NEWMARKET (ROWLEY),Turf
NEWMARKET (ROWLEY)_8.0_Turf,105.53613301587302,105.61287261453596,338,8.0,NEWMARKET (ROWLEY),Turf
NEWMARKET (ROWLEY)_9.0_Turf,119.61162625,119.65499220488721,95,9.0,NEWMARKET (ROWLEY),Turf
NOTTINGHAM_10.0_Turf,141.6338068714595,142.0411826764223,345,10.23,NOTTINGHAM,Turf
NOTTINGHAM_14.0_Turf,198.1528401932017,198.43868241887057,140,14.07,NOTTINGHAM,Turf
NOTTINGHAM_16.0_Turf,227.2915212057605,227.4813957772626,32,16.04,NOTTINGHAM,Turf
NOTTINGHAM_5.0_Turf,64.481456723426,64.61286483518975,321,5.06,NOTTINGHAM,Turf
NOTTINGHAM_6.0_Turf,79.47640465225514,79.49589261916628,283,6.07,NOTTINGHAM,Turf
NOTTINGHAM_8.5_Turf,113.4762369785151,113.9042635589146,475,8.34,NOTTINGHAM,Turf
PONTEFRACT_10.0_Turf,142.48215652722405,142.73673301102713,168,10.03,PONTEFRACT,Turf
PONTEFRACT_12.0_Turf,170.19703774049268,170.32810083547207,123,12.04,PONTEFRACT,Turf
PONTEFRACT_17.0_Turf,245.9665095906414,246.32255025445633,40,17.1,PONTEFRACT,Turf
PONTEFRACT_18.0_Turf,259.61207237981085,261.1977006404982,39,17.98,PONTEFRACT,Turf
PONTEFRACT_5.0_Turf,67.57151549434117,67.59055971454958,180,5.0,PONTEFRACT,Turf
PONTEFRACT_6.0_Turf,82.16626385622368,82.21810006775328,353,6.0,PONTEFRACT,Turf
PONTEFRACT_8.0_Turf,112.16869757604472,112.2029949313829,267,8.02,PONTEFRACT,Turf
PUNCHESTOWN_9.0_Turf,126.58533333333332,126.71727777777778,24,9.0,PUNCHESTOWN,Turf
REDCAR_10.0_Turf,135.90946219229988,136.0194657181206,215,10.0,REDCAR,Turf
REDCAR_14.0_Turf,197.1764412241842,197.5694718545674,106,14.09,REDCAR,Turf
REDCAR_5.0_Turf,63.01392686508769,63.17449928171704,157,5.0,REDCAR,Turf
REDCAR_6.0_Turf,76.76776561055813,76.83337962155787,323,6.0,REDCAR,Turf
REDCAR_7.0_Turf,90.75417337004745,90.94543000343424,287,7.0,REDCAR,Turf
REDCAR_8.0_Turf,104.58836420391812,104.7968260611494,243,8.0,REDCAR,Turf
REDCAR_9.0_Turf,122.04575656926605,122.87393112251748,27,9.0,REDCAR,Turf
RIPON_10.0_Turf,133.2635713029478,133.41492120414242,188,9.77,RIPON,Turf
RIPON_11.0_Turf,152.36997575411715,152.17864283799014,18,10.86,RIPON,Turf
RIPON_12.0_Turf,167.84115285397095,167.99522834066778,154,12.05,RIPON,Turf
RIPON_16.0_Turf,226.73471476436364,227.44082185771333,47,16.0,RIPON,Turf
RIPON_5.0_Turf,64.05970803813739,64.16229038742685,195,5.0,RIPON,Turf
RIPON_6.0_Turf,77.80333184514583,77.91021324153125,371,6.0,RIPON,Turf
RIPON_8.0_Turf,107.93804923511867,108.13400265591223,211,8.0,RIPON,Turf
ROSCOMMON_10.0_Turf,143.88893466956162,144.46517236245055,59,10.11,ROSCOMMON,Turf
ROSCOMMON_10.5_Turf,145.46525455905663,145.9467897669573,39,10.36,ROSCOMMON,Turf
ROSCOMMON_11.5_Turf,169.29020289926456,168.14139668894106,19,11.7,ROSCOMMON,Turf
ROSCOMMON_12.0_Turf,171.2611559323657,171.67205322933293,89,12.0,ROSCOMMON,Turf
ROSCOMMON_7.0_Turf,98.76773268342832,98.77302992473598,73,7.0,ROSCOMMON,Turf
ROSCOMMON_7.5_Turf,99.56704334655764,99.74285722525738,113,7.29,ROSCOMMON,Turf
SALISBURY_10.0_Turf,139.2443727578316,139.3548653118798,169,9.9,SALISBURY,Turf
SALISBURY_12.0_Turf,169.22245069312993,169.34311900805,101,12.0,SALISBURY,Turf
SALISBURY_14.0_Turf,199.8563339136672,201.04238280947723,99,14.1,SALISBURY,Turf
SALISBURY_5.0_Turf,65.96380847630195,66.06947764473307,85,5.0,SALISBURY,Turf
SALISBURY_6.0_Turf,80.4005408961421,80.39465198349274,258,6.0,SALISBURY,Turf
SALISBURY_7.0_Turf,95.42372953595749,95.43924978116014,232,6.96,SALISBURY,Turf
SALISBURY_8.0_Turf,111.24376507499773,111.12319707034159,181,8.0,SALISBURY,Turf
SANDOWN PARK_10.0_Turf,138.81908545460573,138.8664065173838,283,10.03,SANDOWN PARK,Turf
SANDOWN PARK_14.0_Turf,200.72528521449323,200.99076063282467,80,14.0,SANDOWN PARK,Turf
SANDOWN PARK_16.0_Turf,232.22064965448175,232.08377220421858,17,16.23,SANDOWN PARK,Turf
SANDOWN PARK_5.0_Turf,66.14736235542195,66.18870262183599,209,5.03,SANDOWN PARK,Turf
SANDOWN PARK_7.0_Turf,96.45263110602517,96.55611908832131,213,7.07,SANDOWN PARK,Turf
SANDOWN PARK_8.0_Turf,110.92970713900222,110.97784984048052,250,8.06,SANDOWN PARK,Turf
SANDOWN PARK_9.0_Turf,125.49012442319281,125.3668632489766,28,9.0,SANDOWN PARK,Turf
SLIGO_10.5_Turf,153.14596853704774,154.04376018572526,69,10.5,SLIGO,Turf
SLIGO_12.5_Turf,192.56344204946942,193.8253679417037,16,12.5,SLIGO,Turf
SLIGO_5.5_Turf,82.91471336846294,82.29894183975948,30,5.73,SLIGO,Turf
SLIGO_6.0_Turf,81.84355691597804,81.86800282727606,34,6.0,SLIGO,Turf
SLIGO_7.0_Turf,98.03226342133834,99.10620714528194,26,6.91,SLIGO,Turf
SOUTHWELL_11.0_All Weather,155.66929832359824,155.97646954773415,219,11.0,SOUTHWELL,All Weather
SOUTHWELL_12.0_All Weather,169.58722937759902,169.60928663164563,360,12.0,SOUTHWELL,All Weather
SOUTHWELL_14.0_All Weather,199.53893097466033,199.87341214695374,147,14.0,SOUTHWELL,All Weather
SOUTHWELL_16.0_All Weather,236.4008791607704,235.58342548100367,15,16.0,SOUTHWELL,All Weather
SOUTHWELL_16.5_All Weather,236.85469986056455,237.287981078849,109,16.46,SOUTHWELL,All Weather
SOUTHWELL_5.0_All Weather,63.27660888803519,63.29288108915598,613,5.0,SOUTHWELL,All Weather
SOUTHWELL_6.0_All Weather,80.70536768591809,80.7102438142912,680,6.0,SOUTHWELL,All Weather
SOUTHWELL_7.0_All Weather,94.94608052525702,94.9383679051351,683,7.0,SOUTHWELL,All Weather
SOUTHWELL_8.0_All Weather,109.36818419644374,109.39674819040846,767,8.0,SOUTHWELL,All Weather
THIRSK_12.0_Turf,168.53130326835037,169.26786294482665,148,12.0,THIRSK,Turf
THIRSK_14.0_Turf,197.4703667379929,197.34669738888763,17,14.0,THIRSK,Turf
THIRSK_16.0_Turf,226.14324249307236,226.65380502287286,18,16.0,THIRSK,Turf
THIRSK_5.0_Turf,63.31411776834889,63.47016584269685,223,5.0,THIRSK,Turf
THIRSK_6.0_Turf,77.21591208368966,77.36535551452684,344,6.0,THIRSK,Turf
THIRSK_7.0_Turf,93.23116040211359,93.47836851000291,239,7.0,THIRSK,Turf
THIRSK_8.0_Turf,107.84003030874516,107.8546088648136,248,8.0,THIRSK,Turf
THURLES_8.0_Turf,112.00250000000001,111.391,30,8.0,THURLES,Turf
TIPPERARY_12.5_Turf,180.0324982620764,180.2404418925984,70,12.5,TIPPERARY,Turf
TIPPERARY_5.0_Turf,63.23020309960753,63.52450072641131,135,5.0,TIPPERARY,Turf
TIPPERARY_7.5_Turf,104.36718977130745,104.65295198394384,157,7.45,TIPPERARY,Turf
TIPPERARY_9.0_Turf,128.15447954519823,128.4027277358218,94,9.0,TIPPERARY,Turf
TRAMORE_12.0_Turf,174.02966666666669,173.99179727238257,65,12.0,TRAMORE,Turf
TRAMORE_16.0_Turf,242.465,242.4591216736111,36,16.0,TRAMORE,Turf
WETHERBY_10.0_Turf,138.63114847132036,138.7124463884617,38,10.0,WETHERBY,Turf
WETHERBY_14.0_Turf,199.36063390151514,201.2025407272126,21,14.0,WETHERBY,Turf
WETHERBY_5.5_Turf,71.64024964285714,71.64197460506854,55,5.5,WETHERBY,Turf
WETHERBY_7.0_Turf,94.12642616003788,94.26946567515432,54,7.0,WETHERBY,Turf
WETHERBY_8.0_Turf,108.65081579184705,108.7155651531108,52,8.0,WETHERBY,Turf
WINDSOR_10.0_Turf,138.61391266318935,138.5962113635319,361,10.03,WINDSOR,Turf
WINDSOR_11.5_Turf,160.34147237325058,160.54648344777178,289,11.61,WINDSOR,Turf
WINDSOR_5.0_Turf,64.92950710290029,64.90704748271854,325,5.05,WINDSOR,Turf
WINDSOR_6.0_Turf,78.09043247922375,78.09977592106762,546,6.0,WINDSOR,Turf
WINDSOR_8.0_Turf,111.53025640403405,111.76541373413995,299,8.14,WINDSOR,Turf
WINDSOR_8.5_Turf,111.9370740182255,112.17482375291677,94,8.3,WINDSOR,Turf
WOLVERHAMPTON_12.0_All Weather,170.3002511915692,170.3824305632179,776,12.23,WOLVERHAMPTON,All Weather
WOLVERHAMPTON_14.0_All Weather,195.5140330539632,195.7851933174219,285,13.88,WOLVERHAMPTON,All Weather
WOLVERHAMPTON_16.5_All Weather,235.00052051404083,235.0124398129799,183,16.54,WOLVERHAMPTON,All Weather
WOLVERHAMPTON_5.0_All Weather,65.77579585534188,65.76989421091459,899,5.09,WOLVERHAMPTON,All Weather
WOLVERHAMPTON_6.0_All Weather,79.32955574501973,79.2990818872611,1225,5.98,WOLVERHAMPTON,All Weather
WOLVERHAMPTON_7.0_All Weather,94.8170061392118,94.82304823571997,1448,7.15,WOLVERHAMPTON,All Weather
WOLVERHAMPTON_8.5_All Weather,117.0862739424327,117.18039605409668,1198,8.64,WOLVERHAMPTON,All Weather
WOLVERHAMPTON_9.5_All Weather,128.67195755995874,128.76701113016853,1032,9.47,WOLVERHAMPTON,All Weather
YARMOUTH_10.0_Turf,138.00771499255237,137.92670399455628,207,10.1,YARMOUTH,Turf
YARMOUTH_11.5_Turf,158.2548118935877,158.76781743357984,136,11.47,YARMOUTH,Turf
YARMOUTH_14.0_Turf,199.06988348432736,199.37414454425192,62,14.08,YARMOUTH,Turf
YARMOUTH_5.0_Turf,66.57823805529286,66.65680719556404,166,5.19,YARMOUTH,Turf
YARMOUTH_6.0_Turf,78.3754842213914,78.32417462297026,353,6.01,YARMOUTH,Turf
YARMOUTH_7.0_Turf,91.90666229226778,92.03796529267262,312,7.01,YARMOUTH,Turf
YARMOUTH_8.0_Turf,106.00608386577633,106.10201941423114,313,8.01,YARMOUTH,Turf
YARMOUTH_9.0_Turf,123.13352197605249,123.14549154639381,30,9.1,YARMOUTH,Turf
YORK_10.5_Turf,139.6991926552769,139.97578189339902,181,10.4,YORK,Turf
YORK_12.0_Turf,163.69348979988723,163.7383444757151,126,12.0,YORK,Turf
YORK_14.0_Turf,193.19754911503077,193.10280638828317,76,14.0,YORK,Turf
YORK_16.5_Turf,230.45219890153385,230.49712579847053,76,16.4,YORK,Turf
YORK_5.0_Turf,63.29924062609026,63.36922156419843,177,5.0,YORK,Turf
YORK_5.5_Turf,69.1527439650879,69.14842320722784,44,5.4,YORK,Turf
YORK_6.0_Turf,77.39169196151205,77.36622013745549,280,6.0,YORK,Turf
YORK_7.0_Turf,91.56098039287326,91.54469091084304,194,7.0,YORK,Turf
YORK_8.0_Turf,105.17801159035335,105.28465998183313,130,8.0,YORK,Turf
YORK_9.0_Turf,118.78981859541484,118.7591321293469,29,8.95,YORK,Turf
