courseName,raceNumber,race_id,horseName,positionOfficial,distance,going,raceSurfaceName,raceClass,horseAge,weightCarried,finishingTime,distanceCumulative,standard_time,lpl,going_allowance,raw_figure,weight_adj,wfa_adj,sex_allowance,figure_final,figure_calibrated,figure_confidence
ASCOT,1,2026-07-24_ASCOT_1,Sorrengail,1.0000,6.0000,Good To Firm,Turf,3.0000,2,128,73.7600,,78.7482,3.5001,0.0253,186.2552,2.0000,15.0000,3,201.2552,88.0000,high
ASCOT,1,2026-07-24_ASCOT_1,Speed of Sound (IRE),2.0000,6.0000,Good To Firm,Turf,3.0000,2,128,73.7600,1.5000,78.7482,3.5001,0.0253,181.0051,2.0000,15.0000,3,196.0051,82.4000,high
ASCOT,1,2026-07-24_ASCOT_1,Sweetwonderfulyou (IRE),3.0000,6.0000,Good To Firm,Turf,3.0000,2,128,73.7600,1.6500,78.7482,3.5001,0.0253,180.4801,2.0000,15.0000,3,195.4801,81.5000,high
ASCOT,1,2026-07-24_ASCOT_1,Blue Flight,4.0000,6.0000,Good To Firm,Turf,3.0000,2,135,73.7600,2.1500,78.7482,3.5001,0.0253,185.7300,9.0000,15.0000,3,200.7300,84.3000,high
ASCOT,1,2026-07-24_ASCOT_1,Cut And Sew,5.0000,6.0000,Good To Firm,Turf,3.0000,2,128,73.7600,4.4000,78.7482,3.5001,0.0253,170.8548,2.0000,15.0000,3,185.8548,73.1000,high
ASCOT,1,2026-07-24_ASCOT_1,Parvenue Star (IRE),6.0000,6.0000,Good To Firm,Turf,3.0000,2,128,73.7600,4.9000,78.7482,3.5001,0.0253,169.1048,2.0000,15.0000,3,184.1048,71.3000,high
ASCOT,1,2026-07-24_ASCOT_1,Ash Tree (IRE),7.0000,6.0000,Good To Firm,Turf,3.0000,2,135,73.7600,8.9000,78.7482,3.5001,0.0253,162.1045,9.0000,15.0000,3,177.1045,64.0000,high
ASCOT,1,2026-07-24_ASCOT_1,Perfect Hope,8.0000,6.0000,Good To Firm,Turf,3.0000,2,128,73.7600,8.9300,78.7482,3.5001,0.0253,154.9995,2.0000,15.0000,3,169.9995,57.7000,high
ASCOT,2,2026-07-24_ASCOT_2,Alfred Wallace,1.0000,7.0000,Good To Firm,Turf,1.0000,2,131,87.3900,,93.4715,3.0201,0.0253,193.3617,5.0000,16.0000,0,209.3617,102.9000,high
ASCOT,2,2026-07-24_ASCOT_2,Silver Dominion (IRE),2.0000,7.0000,Good To Firm,Turf,1.0000,2,131,87.3900,1.0000,93.4715,3.0201,0.0253,190.3415,5.0000,16.0000,0,206.3415,99.3000,high
ASCOT,2,2026-07-24_ASCOT_2,Dandyman Dan (IRE),3.0000,7.0000,Good To Firm,Turf,1.0000,2,131,87.3900,2.7500,93.4715,3.0201,0.0253,185.0563,5.0000,16.0000,0,201.0563,94.9000,high
ASCOT,2,2026-07-24_ASCOT_2,Kach Above,4.0000,7.0000,Good To Firm,Turf,1.0000,2,131,87.3900,3.2500,93.4715,3.0201,0.0253,183.5462,5.0000,16.0000,0,199.5462,91.9000,high
ASCOT,2,2026-07-24_ASCOT_2,Firehorse (IRE),5.0000,7.0000,Good To Firm,Turf,1.0000,2,131,87.3900,3.3500,93.4715,3.0201,0.0253,183.2442,5.0000,16.0000,0,199.2442,91.2000,high
ASCOT,2,2026-07-24_ASCOT_2,Love Is (IRE),6.0000,7.0000,Good To Firm,Turf,1.0000,2,126,87.3900,5.1000,93.4715,3.0201,0.0253,172.9589,0.0000,16.0000,3,188.9589,82.5000,high
ASCOT,2,2026-07-24_ASCOT_2,Treasurer (IRE),7.0000,7.0000,Good To Firm,Turf,1.0000,2,131,87.3900,6.3500,93.4715,3.0201,0.0253,174.1837,5.0000,16.0000,0,190.1837,82.4000,high
ASCOT,2,2026-07-24_ASCOT_2,Sonny Parvenue (FR),8.0000,7.0000,Good To Firm,Turf,1.0000,2,131,87.3900,7.3500,93.4715,3.0201,0.0253,171.1636,5.0000,16.0000,0,187.1636,79.8000,high
ASCOT,2,2026-07-24_ASCOT_2,Gymbaazy (FR),9.0000,7.0000,Good To Firm,Turf,1.0000,2,131,87.3900,7.5000,93.4715,3.0201,0.0253,170.7106,5.0000,16.0000,0,186.7106,79.7000,high
ASCOT,2,2026-07-24_ASCOT_2,Time For The Moon,10.0000,7.0000,Good To Firm,Turf,1.0000,2,131,87.3900,8.7500,93.4715,3.0201,0.0253,166.9354,5.0000,16.0000,0,182.9354,77.4000,high
ASCOT,3,2026-07-24_ASCOT_3,Kirchner (IRE),1.0000,16.0318,Good To Firm,Turf,3.0000,4,131,211.0100,,224.4933,1.3340,0.0253,192.0763,5.0000,0.0000,0,192.0763,65.1000,high
ASCOT,3,2026-07-24_ASCOT_3,Ghaiyya,2.0000,16.0318,Good To Firm,Turf,3.0000,4,130,211.0100,4.0000,224.4933,1.3340,0.0253,185.7402,4.0000,0.0000,3,185.7402,58.4000,high
ASCOT,3,2026-07-24_ASCOT_3,Fireblade,3.0000,16.0318,Good To Firm,Turf,3.0000,5,130,211.0100,7.7500,224.4933,1.3340,0.0253,180.7377,4.0000,0.0000,0,180.7377,52.8000,high
ASCOT,3,2026-07-24_ASCOT_3,Synergism (GER),4.0000,16.0318,Good To Firm,Turf,3.0000,4,132,211.0100,10.5000,224.4933,1.3340,0.0253,179.0692,6.0000,0.0000,0,179.0692,48.2000,high
ASCOT,4,2026-07-24_ASCOT_4,Al Azd (IRE),1.0000,12.0227,Good To Firm,Turf,2.0000,3,131,152.7800,,163.2148,1.8147,0.0253,196.2118,5.0000,3.9659,0,200.1777,96.4000,high
ASCOT,4,2026-07-24_ASCOT_4,Study Of Words (IRE),2.0000,12.0227,Good To Firm,Turf,2.0000,3,124,152.7800,4.2500,163.2148,1.8147,0.0253,181.4993,-2.0000,3.9659,0,185.4652,79.8000,high
ASCOT,4,2026-07-24_ASCOT_4,Merveilleux Lapin (IRE),3.0000,12.0227,Good To Firm,Turf,2.0000,4,138,152.7800,4.4000,163.2148,1.8147,0.0253,195.2271,12.0000,0.0000,3,195.2271,85.7000,high
ASCOT,4,2026-07-24_ASCOT_4,Fantasy Believer (IRE),4.0000,12.0227,Good To Firm,Turf,2.0000,9,132,152.7800,4.5500,163.2148,1.8147,0.0253,188.9548,6.0000,-2.0000,0,186.9548,79.9000,high
ASCOT,4,2026-07-24_ASCOT_4,Dancing In Paris (FR),5.0000,12.0227,Good To Firm,Turf,2.0000,6,133,152.7800,4.7000,163.2148,1.8147,0.0253,189.6826,7.0000,0.0000,0,189.6826,82.0000,high
ASCOT,4,2026-07-24_ASCOT_4,French Duke (IRE),6.0000,12.0227,Good To Firm,Turf,2.0000,5,142,152.7800,5.7000,163.2148,1.8147,0.0253,196.8679,16.0000,0.0000,0,196.8679,84.7000,high
ASCOT,4,2026-07-24_ASCOT_4,Elsass (IRE),7.0000,12.0227,Good To Firm,Turf,2.0000,4,129,152.7800,6.9500,163.2148,1.8147,0.0253,181.5995,3.0000,0.0000,0,181.5995,72.9000,high
ASCOT,4,2026-07-24_ASCOT_4,Flying Frontier,8.0000,12.0227,Good To Firm,Turf,2.0000,6,135,152.7800,10.9500,163.2148,1.8147,0.0253,180.3407,9.0000,0.0000,0,180.3407,67.1000,high
ASCOT,4,2026-07-24_ASCOT_4,Theory Of Tides,9.0000,12.0227,Good To Firm,Turf,2.0000,5,136,152.7800,23.9500,163.2148,1.8147,0.0253,161.5171,10.0000,0.0000,0,161.5171,63.5000,low
ASCOT,5,2026-07-24_ASCOT_5,Be Frank,0.0000,7.0000,Good To Firm,Turf,4.0000,6,134,87.5200,,93.4715,3.0157,0.0253,,0.0000,0.0000,0,,,high
ASCOT,5,2026-07-24_ASCOT_5,Mystic Moment,0.0000,7.0000,Good To Firm,Turf,4.0000,3,132,87.5200,,93.4715,3.0157,0.0253,,0.0000,2.0000,3,,,high
ASCOT,5,2026-07-24_ASCOT_5,Tex (FR),1.0000,7.0000,Good To Firm,Turf,4.0000,5,129,87.5200,,93.4715,3.0157,0.0253,189.5263,3.0000,0.0000,0,189.5263,76.9000,high
ASCOT,5,2026-07-24_ASCOT_5,Havana Blue,2.0000,7.0000,Good To Firm,Turf,4.0000,6,142,87.5200,1.5000,93.4715,3.0157,0.0253,198.0028,16.0000,0.0000,0,198.0028,81.2000,high
ASCOT,5,2026-07-24_ASCOT_5,Gallant (FR),3.0000,7.0000,Good To Firm,Turf,4.0000,4,141,87.5200,1.6500,93.4715,3.0157,0.0253,196.5505,15.0000,0.0000,0,196.5505,80.4000,high
ASCOT,5,2026-07-24_ASCOT_5,Walsons Law,4.0000,7.0000,Good To Firm,Turf,4.0000,5,143,87.5200,2.1500,93.4715,3.0157,0.0253,197.0426,17.0000,0.0000,0,197.0426,79.4000,high
ASCOT,5,2026-07-24_ASCOT_5,Illys Roo (IRE),5.0000,7.0000,Good To Firm,Turf,4.0000,3,133,87.5200,2.9000,93.4715,3.0157,0.0253,184.7809,7.0000,2.0000,0,186.7809,73.8000,high
ASCOT,5,2026-07-24_ASCOT_5,Mr Writer (IRE),6.0000,7.0000,Good To Firm,Turf,4.0000,3,137,87.5200,4.1500,93.4715,3.0157,0.0253,185.0113,11.0000,2.0000,0,187.0113,72.6000,high
ASCOT,5,2026-07-24_ASCOT_5,H Key Lails,7.0000,7.0000,Good To Firm,Turf,4.0000,6,137,87.5200,4.2500,93.4715,3.0157,0.0253,184.7097,11.0000,0.0000,0,184.7097,70.2000,high
ASCOT,5,2026-07-24_ASCOT_5,Dapper Guest (IRE),8.0000,7.0000,Good To Firm,Turf,4.0000,4,140,87.5200,6.2500,93.4715,3.0157,0.0253,181.6784,14.0000,0.0000,0,181.6784,65.2000,high
ASCOT,5,2026-07-24_ASCOT_5,Independent Expert (IRE),9.0000,7.0000,Good To Firm,Turf,4.0000,7,140,87.5200,7.7500,93.4715,3.0157,0.0253,177.1549,14.0000,-1.0000,3,176.1549,61.2000,high
ASCOT,5,2026-07-24_ASCOT_5,Wield,10.0000,7.0000,Good To Firm,Turf,4.0000,3,132,87.5200,11.2500,93.4715,3.0157,0.0253,158.6001,6.0000,2.0000,0,160.6001,46.5000,high
ASCOT,5,2026-07-24_ASCOT_5,King Of War,11.0000,7.0000,Good To Firm,Turf,4.0000,7,130,87.5200,13.5000,93.4715,3.0157,0.0253,149.8149,4.0000,-1.0000,0,148.8149,37.6000,high
ASCOT,6,2026-07-24_ASCOT_6,Killavia,1.0000,5.0000,Good To Firm,Turf,4.0000,3,135,59.8900,,64.4229,4.2375,0.0253,200.7750,9.0000,7.0000,3,207.7750,88.0000,high
ASCOT,6,2026-07-24_ASCOT_6,Lara Antipova,2.0000,5.0000,Good To Firm,Turf,4.0000,3,133,59.8900,1.5000,64.4229,4.2375,0.0253,192.4188,7.0000,7.0000,3,199.4188,81.2000,high
ASCOT,6,2026-07-24_ASCOT_6,Dandy Magic (IRE),3.0000,5.0000,Good To Firm,Turf,4.0000,4,128,59.8900,2.0000,64.4229,4.2375,0.0253,185.3001,2.0000,0.0000,3,185.3001,72.6000,high
ASCOT,6,2026-07-24_ASCOT_6,Paradise Walk (IRE),4.0000,5.0000,Good To Firm,Turf,4.0000,3,134,59.8900,2.5000,64.4229,4.2375,0.0253,189.1813,8.0000,7.0000,3,196.1813,77.8000,high
ASCOT,6,2026-07-24_ASCOT_6,Fantasy Obsessor,5.0000,5.0000,Good To Firm,Turf,4.0000,4,122,59.8900,2.6500,64.4229,4.2375,0.0253,176.5457,-4.0000,0.0000,3,176.5457,64.1000,high
ASCOT,6,2026-07-24_ASCOT_6,Carefree Dream,6.0000,5.0000,Good To Firm,Turf,4.0000,3,124,59.8900,3.6500,64.4229,4.2375,0.0253,174.3082,-2.0000,7.0000,3,181.3082,64.0000,high
ASCOT,6,2026-07-24_ASCOT_6,Desert Treasure,7.0000,5.0000,Good To Firm,Turf,4.0000,3,132,59.8900,5.4000,64.4229,4.2375,0.0253,174.8926,6.0000,7.0000,3,181.8926,63.0000,high
ASCOT,6,2026-07-24_ASCOT_6,Toolatetonegotiate,8.0000,5.0000,Good To Firm,Turf,4.0000,4,139,59.8900,5.4500,64.4229,4.2375,0.0253,181.6807,13.0000,0.0000,3,181.6807,64.2000,high
ASCOT,6,2026-07-24_ASCOT_6,Lady Roxby,9.0000,5.0000,Good To Firm,Turf,4.0000,4,138,59.8900,10.4500,64.4229,4.2375,0.0253,159.4933,12.0000,0.0000,3,159.4933,46.3000,high
CHEPSTOW,1,2026-07-24_CHEPSTOW_1,Devon Angel,0.0000,6.0727,Good To Firm,Turf,6.0000,2,115,71.7700,,78.2546,3.6078,-0.2435,,0.0000,15.0727,3,,,high
CHEPSTOW,1,2026-07-24_CHEPSTOW_1,Dreams Galore (IRE),1.0000,6.0727,Good To Firm,Turf,6.0000,2,132,71.7700,,78.2546,3.6078,-0.2435,188.8188,6.0000,15.0727,3,203.8915,51.7000,high
CHEPSTOW,1,2026-07-24_CHEPSTOW_1,So Tempting,2.0000,6.0727,Good To Firm,Turf,6.0000,2,122,71.7700,0.1000,78.2546,3.6078,-0.2435,178.4580,-4.0000,15.0727,3,193.5307,42.6000,high
CHEPSTOW,1,2026-07-24_CHEPSTOW_1,Sovereign Beach (IRE),3.0000,6.0727,Good To Firm,Turf,6.0000,2,129,71.7700,0.6000,78.2546,3.6078,-0.2435,183.6541,3.0000,15.0727,3,198.7268,47.0000,high
CHEPSTOW,1,2026-07-24_CHEPSTOW_1,Havananother,4.0000,6.0727,Good To Firm,Turf,6.0000,2,128,71.7700,1.3500,78.2546,3.6078,-0.2435,179.9482,2.0000,15.0727,3,195.0209,42.1000,high
CHEPSTOW,1,2026-07-24_CHEPSTOW_1,Il Capo (IRE),5.0000,6.0727,Good To Firm,Turf,6.0000,2,134,71.7700,1.8500,78.2546,3.6078,-0.2435,184.1443,8.0000,15.0727,0,199.2170,43.9000,high
CHEPSTOW,1,2026-07-24_CHEPSTOW_1,Absolute Diamond (IRE),6.0000,6.0727,Good To Firm,Turf,6.0000,2,135,71.7700,4.3500,78.2546,3.6078,-0.2435,176.1248,9.0000,15.0727,3,191.1975,37.0000,high
CHEPSTOW,2,2026-07-24_CHEPSTOW_2,Dissenter (IRE),1.0000,6.0727,Good To Firm,Turf,5.0000,2,128,71.3600,,78.2546,3.6285,-0.2435,191.6019,2.0000,15.0727,3,206.6746,61.3000,high
CHEPSTOW,2,2026-07-24_CHEPSTOW_2,Forest Berry,2.0000,6.0727,Good To Firm,Turf,5.0000,2,128,71.3600,0.1500,78.2546,3.6285,-0.2435,191.0576,2.0000,15.0727,3,206.1304,59.0000,high
CHEPSTOW,2,2026-07-24_CHEPSTOW_2,Beechwood Glory (IRE),3.0000,6.0727,Good To Firm,Turf,5.0000,2,133,71.3600,1.6500,78.2546,3.6285,-0.2435,190.6148,7.0000,15.0727,0,205.6875,57.0000,high
CHEPSTOW,2,2026-07-24_CHEPSTOW_2,Temple Court (IRE),4.0000,6.0727,Good To Firm,Turf,5.0000,2,133,71.3600,3.6500,78.2546,3.6285,-0.2435,183.3577,7.0000,15.0727,0,198.4304,51.1000,high
CHEPSTOW,2,2026-07-24_CHEPSTOW_2,Bossy Angel,5.0000,6.0727,Good To Firm,Turf,5.0000,2,128,71.3600,4.4000,78.2546,3.6285,-0.2435,175.6363,2.0000,15.0727,3,190.7090,45.8000,high
CHEPSTOW,2,2026-07-24_CHEPSTOW_2,Defiant Dream,6.0000,6.0727,Good To Firm,Turf,5.0000,2,128,71.3600,6.6500,78.2546,3.6285,-0.2435,167.4721,2.0000,15.0727,3,182.5448,37.1000,high
CHEPSTOW,2,2026-07-24_CHEPSTOW_2,Napps Way,7.0000,6.0727,Good To Firm,Turf,5.0000,2,128,71.3600,8.4000,78.2546,3.6285,-0.2435,161.1221,2.0000,15.0727,3,176.1948,32.7000,high
CHEPSTOW,2,2026-07-24_CHEPSTOW_2,Zonneveld,8.0000,6.0727,Good To Firm,Turf,5.0000,2,133,71.3600,9.1500,78.2546,3.6285,-0.2435,163.4007,7.0000,15.0727,0,178.4734,33.4000,high
CHEPSTOW,2,2026-07-24_CHEPSTOW_2,Evangeline Adams,9.0000,6.0727,Good To Firm,Turf,5.0000,2,128,71.3600,11.4000,78.2546,3.6285,-0.2435,150.2365,2.0000,15.0727,3,165.3092,20.6000,high
CHEPSTOW,2,2026-07-24_CHEPSTOW_2,Cruzcampo Cai,10.0000,6.0727,Good To Firm,Turf,5.0000,2,133,71.3600,53.4000,78.2546,3.6285,-0.2435,59.9000,7.0000,15.0727,0,74.9727,-26.5000,low
CHEPSTOW,3,2026-07-24_CHEPSTOW_3,Auburn Avenue (IRE),1.0000,7.0727,Good To Firm,Turf,6.0000,5,132,81.8700,,90.9815,3.2298,-0.2435,213.3780,6.0000,0.0000,3,213.3780,59.1000,high
CHEPSTOW,3,2026-07-24_CHEPSTOW_3,Prefer The Sister (IRE),2.0000,7.0727,Good To Firm,Turf,6.0000,6,135,81.8700,2.0000,90.9815,3.2298,-0.2435,209.9185,9.0000,0.0000,3,209.9185,54.6000,high
CHEPSTOW,3,2026-07-24_CHEPSTOW_3,On Key,3.0000,7.0727,Good To Firm,Turf,6.0000,4,129,81.8700,3.7500,90.9815,3.2298,-0.2435,198.2664,3.0000,0.0000,0,198.2664,45.2000,high
CHEPSTOW,3,2026-07-24_CHEPSTOW_3,Brave Byreflection (IRE),4.0000,7.0727,Good To Firm,Turf,6.0000,4,130,81.8700,3.9000,90.9815,3.2298,-0.2435,198.7819,4.0000,0.0000,3,198.7819,45.6000,high
CHEPSTOW,3,2026-07-24_CHEPSTOW_3,Sioux Warrior (IRE),5.0000,7.0727,Good To Firm,Turf,6.0000,5,126,81.8700,4.0500,90.9815,3.2298,-0.2435,194.2975,0.0000,0.0000,0,194.2975,40.7000,high
CHEPSTOW,3,2026-07-24_CHEPSTOW_3,Francisco,6.0000,7.0727,Good To Firm,Turf,6.0000,5,128,81.8700,4.1000,90.9815,3.2298,-0.2435,196.1360,2.0000,0.0000,0,196.1360,41.7000,high
CHEPSTOW,3,2026-07-24_CHEPSTOW_3,Too Much Trevor,7.0000,7.0727,Good To Firm,Turf,6.0000,5,128,81.8700,4.8500,90.9815,3.2298,-0.2435,193.7136,2.0000,0.0000,0,193.7136,39.9000,high
CHEPSTOW,4,2026-07-24_CHEPSTOW_4,Nammos,0.0000,8.0636,Good To Firm,Turf,5.0000,6,121,93.4700,,104.3706,2.8586,-0.2435,,0.0000,0.0000,3,,,high
CHEPSTOW,4,2026-07-24_CHEPSTOW_4,Spirit Of The Bay (IRE),1.0000,8.0636,Good To Firm,Turf,5.0000,8,130,93.4700,,104.3706,2.8586,-0.2435,218.3961,4.0000,-1.5000,3,216.8961,65.5000,high
CHEPSTOW,4,2026-07-24_CHEPSTOW_4,Kodi Fire (IRE),2.0000,8.0636,Good To Firm,Turf,5.0000,4,139,93.4700,1.0000,104.3706,2.8586,-0.2435,224.5375,13.0000,0.0000,0,224.5375,69.8000,high
CHEPSTOW,4,2026-07-24_CHEPSTOW_4,Eutropia,3.0000,8.0636,Good To Firm,Turf,5.0000,4,133,93.4700,1.1500,104.3706,2.8586,-0.2435,218.1087,7.0000,0.0000,3,218.1087,63.2000,high
CHEPSTOW,4,2026-07-24_CHEPSTOW_4,Darvel (IRE),4.0000,8.0636,Good To Firm,Turf,5.0000,8,135,93.4700,2.4000,104.3706,2.8586,-0.2435,216.5355,9.0000,-1.5000,0,215.0355,62.0000,high
CHEPSTOW,4,2026-07-24_CHEPSTOW_4,Rating (IRE),5.0000,8.0636,Good To Firm,Turf,5.0000,5,129,93.4700,3.1500,104.3706,2.8586,-0.2435,208.3915,3.0000,0.0000,3,208.3915,54.6000,high
CHEPSTOW,4,2026-07-24_CHEPSTOW_4,Dapper Gee Gee,6.0000,8.0636,Good To Firm,Turf,5.0000,4,134,93.4700,9.6500,104.3706,2.8586,-0.2435,194.8106,8.0000,0.0000,0,194.8106,45.0000,high
CHEPSTOW,5,2026-07-24_CHEPSTOW_5,Knightmare (IRE),1.0000,8.0636,Good To Firm,Turf,6.0000,4,135,93.3000,,104.3706,2.8638,-0.2435,225.5722,9.0000,0.0000,0,225.5722,64.2000,high
CHEPSTOW,5,2026-07-24_CHEPSTOW_5,Prince Ali,2.0000,8.0636,Good To Firm,Turf,6.0000,8,135,93.3000,1.2500,104.3706,2.8638,-0.2435,221.9924,9.0000,-1.5000,0,220.4924,60.1000,high
CHEPSTOW,5,2026-07-24_CHEPSTOW_5,A Rose Adaay,3.0000,8.0636,Good To Firm,Turf,6.0000,4,135,93.3000,3.2500,104.3706,2.8638,-0.2435,216.2648,9.0000,0.0000,3,216.2648,55.7000,high
CHEPSTOW,5,2026-07-24_CHEPSTOW_5,Weston Court (IRE),4.0000,8.0636,Good To Firm,Turf,6.0000,5,135,93.3000,3.7500,104.3706,2.8638,-0.2435,214.8329,9.0000,0.0000,0,214.8329,54.4000,high
CHEPSTOW,5,2026-07-24_CHEPSTOW_5,Fitzmaurice (IRE),5.0000,8.0636,Good To Firm,Turf,6.0000,4,135,93.3000,6.0000,104.3706,2.8638,-0.2435,208.3893,9.0000,0.0000,0,208.3893,47.8000,high
CHEPSTOW,5,2026-07-24_CHEPSTOW_5,Lady Margret (IRE),6.0000,8.0636,Good To Firm,Turf,6.0000,4,135,93.3000,6.1000,104.3706,2.8638,-0.2435,208.1029,9.0000,0.0000,3,208.1029,46.6000,high
CHEPSTOW,5,2026-07-24_CHEPSTOW_5,Star Of Atlantis (IRE),7.0000,8.0636,Good To Firm,Turf,6.0000,5,135,93.3000,6.6000,104.3706,2.8638,-0.2435,206.6710,9.0000,0.0000,3,206.6710,45.1000,high
CHEPSTOW,5,2026-07-24_CHEPSTOW_5,Judge Frank (IRE),8.0000,8.0636,Good To Firm,Turf,6.0000,5,135,93.3000,12.6000,104.3706,2.8638,-0.2435,189.4881,9.0000,0.0000,0,189.4881,32.5000,high
CHEPSTOW,5,2026-07-24_CHEPSTOW_5,Strong Man Tom,9.0000,8.0636,Good To Firm,Turf,6.0000,4,135,93.3000,27.6000,104.3706,2.8638,-0.2435,154.6240,9.0000,0.0000,0,154.6240,23.2000,low
CHEPSTOW,5,2026-07-24_CHEPSTOW_5,Fighting Queen,10.0000,8.0636,Good To Firm,Turf,6.0000,5,135,93.3000,37.6000,104.3706,2.8638,-0.2435,140.3049,9.0000,0.0000,3,140.3049,13.8000,low
CHEPSTOW,6,2026-07-24_CHEPSTOW_6,Level Up (IRE),1.0000,5.0727,Good To Firm,Turf,6.0000,7,133,57.6200,,65.2409,4.4192,-0.2435,231.6180,7.0000,-1.0000,0,230.6180,65.7000,high
CHEPSTOW,6,2026-07-24_CHEPSTOW_6,Sundiata Keita (IRE),2.0000,5.0727,Good To Firm,Turf,6.0000,4,120,57.6200,1.0000,65.2409,4.4192,-0.2435,214.1988,-6.0000,0.0000,0,214.1988,50.1000,high
CHEPSTOW,6,2026-07-24_CHEPSTOW_6,So Smart (IRE),3.0000,5.0727,Good To Firm,Turf,6.0000,7,128,57.6200,2.0000,65.2409,4.4192,-0.2435,217.7795,2.0000,-1.0000,0,216.7795,52.1000,high
CHEPSTOW,6,2026-07-24_CHEPSTOW_6,River Edge,4.0000,5.0727,Good To Firm,Turf,6.0000,5,116,57.6200,2.7500,65.2409,4.4192,-0.2435,202.4651,-10.0000,0.0000,0,202.4651,39.3000,high
CHEPSTOW,6,2026-07-24_CHEPSTOW_6,Trafalger,5.0000,5.0727,Good To Firm,Turf,6.0000,5,135,57.6200,4.0000,65.2409,4.4192,-0.2435,215.9411,9.0000,0.0000,0,215.9411,49.8000,high
CHEPSTOW,6,2026-07-24_CHEPSTOW_6,Savannah Smiles (IRE),6.0000,5.0727,Good To Firm,Turf,6.0000,6,135,57.6200,4.1500,65.2409,4.4192,-0.2435,215.2782,9.0000,0.0000,3,215.2782,47.8000,high
CHEPSTOW,6,2026-07-24_CHEPSTOW_6,Son Of Astar,7.0000,5.0727,Good To Firm,Turf,6.0000,4,126,57.6200,7.1500,65.2409,4.4192,-0.2435,193.0204,0.0000,0.0000,0,193.0204,32.0000,high
CHEPSTOW,7,2026-07-24_CHEPSTOW_7,Crimson Road (IRE),1.0000,10.0000,Good To Firm,Turf,6.0000,5,140,126.0900,,138.0137,2.1657,-0.2435,207.8727,14.0000,0.0000,0,207.8727,65.2000,high
CHEPSTOW,7,2026-07-24_CHEPSTOW_7,Midnight Media,2.0000,10.0000,Good To Firm,Turf,6.0000,3,132,126.0900,1.0000,138.0137,2.1657,-0.2435,197.7070,6.0000,2.0000,3,199.7070,61.2000,high
CHEPSTOW,7,2026-07-24_CHEPSTOW_7,Tiger Beetle,3.0000,10.0000,Good To Firm,Turf,6.0000,8,132,126.0900,1.7500,138.0137,2.1657,-0.2435,196.0827,6.0000,-1.5000,0,194.5827,54.2000,high
CHEPSTOW,7,2026-07-24_CHEPSTOW_7,All About George,4.0000,10.0000,Good To Firm,Turf,6.0000,4,127,126.0900,5.7500,138.0137,2.1657,-0.2435,182.4198,1.0000,0.0000,0,182.4198,40.9000,high
CHEPSTOW,7,2026-07-24_CHEPSTOW_7,Fozzy Osbourne,5.0000,10.0000,Good To Firm,Turf,6.0000,5,139,126.0900,8.7500,138.0137,2.1657,-0.2435,187.9226,13.0000,0.0000,0,187.9226,46.8000,high
CHEPSTOW,7,2026-07-24_CHEPSTOW_7,City Escape (IRE),6.0000,10.0000,Good To Firm,Turf,6.0000,9,131,126.0900,11.7500,138.0137,2.1657,-0.2435,173.4254,5.0000,-2.0000,3,171.4254,32.4000,high
CHEPSTOW,7,2026-07-24_CHEPSTOW_7,Brodies Boy (FR),7.0000,10.0000,Good To Firm,Turf,6.0000,5,140,126.0900,13.0000,138.0137,2.1657,-0.2435,179.7182,14.0000,0.0000,0,179.7182,37.0000,high
CHEPSTOW,7,2026-07-24_CHEPSTOW_7,Time For Action,8.0000,10.0000,Good To Firm,Turf,6.0000,3,126,126.0900,13.5000,138.0137,2.1657,-0.2435,164.6353,0.0000,2.0000,3,166.6353,29.9000,high
CHEPSTOW,7,2026-07-24_CHEPSTOW_7,Prophet Squeeze (IRE),9.0000,10.0000,Good To Firm,Turf,6.0000,8,129,126.0900,14.7500,138.0137,2.1657,-0.2435,164.9282,3.0000,-1.5000,3,163.4282,26.5000,high
CORK,1,2026-07-24_CORK_1,Hanney Boy (IRE),1.0000,5.0000,Good To Firm,Turf,,2,129,58.4700,,62.9971,4.3404,-0.0943,184.6919,3.0000,15.0000,0,199.6919,78.4000,high
CORK,1,2026-07-24_CORK_1,Blooming Sally (IRE),2.0000,5.0000,Good To Firm,Turf,,2,120,58.4700,0.0500,62.9971,4.3404,-0.0943,175.4749,-6.0000,15.0000,3,190.4749,68.5000,high
CORK,1,2026-07-24_CORK_1,Walk On Harry (IRE),3.0000,5.0000,Good To Firm,Turf,,2,131,58.4700,2.3000,62.9971,4.3404,-0.0943,176.7090,5.0000,15.0000,0,191.7090,69.6000,high
CORK,1,2026-07-24_CORK_1,Best Love (IRE),4.0000,5.0000,Good To Firm,Turf,,2,122,58.4700,2.4500,62.9971,4.3404,-0.0943,167.0579,-4.0000,15.0000,3,182.0579,61.9000,high
CORK,1,2026-07-24_CORK_1,Capital Of Pride (IRE),5.0000,5.0000,Good To Firm,Turf,,2,133,58.4700,2.4800,62.9971,4.3404,-0.0943,177.9277,7.0000,15.0000,0,192.9277,68.5000,high
CORK,1,2026-07-24_CORK_1,Tango Club (IRE),6.0000,5.0000,Good To Firm,Turf,,2,120,58.4700,2.6300,62.9971,4.3404,-0.0943,164.2766,-6.0000,15.0000,3,179.2766,57.7000,high
CORK,1,2026-07-24_CORK_1,Roeillaun (IRE),7.0000,5.0000,Good To Firm,Turf,,2,124,58.4700,3.1300,62.9971,4.3404,-0.0943,166.1065,-2.0000,15.0000,3,181.1065,58.4000,high
CORK,1,2026-07-24_CORK_1,Letmeentertainyou (FR),8.0000,5.0000,Good To Firm,Turf,,2,129,58.4700,5.8800,62.9971,4.3404,-0.0943,159.1704,3.0000,15.0000,0,174.1704,53.2000,high
CORK,1,2026-07-24_CORK_1,Whammy (IRE),9.0000,5.0000,Good To Firm,Turf,,2,124,58.4700,7.8800,62.9971,4.3404,-0.0943,145.4896,-2.0000,15.0000,3,160.4896,41.7000,high
CORK,1,2026-07-24_CORK_1,No Time Faults (IRE),10.0000,5.0000,Good To Firm,Turf,,2,124,58.4700,9.8800,62.9971,4.3404,-0.0943,136.8088,-2.0000,15.0000,3,151.8088,36.3000,high
CORK,2,2026-07-24_CORK_2,Grayrobin,1.0000,5.0000,Good To Firm,Turf,,2,133,58.2600,,62.9971,4.3560,-0.0943,192.9218,7.0000,15.0000,0,207.9218,81.8000,high
CORK,2,2026-07-24_CORK_2,Lars Soldier (IRE),2.0000,5.0000,Good To Firm,Turf,,2,131,58.2600,1.2500,62.9971,4.3560,-0.0943,185.4767,5.0000,15.0000,0,200.4767,75.8000,high
CORK,2,2026-07-24_CORK_2,Star Prospect (IRE),3.0000,5.0000,Good To Firm,Turf,,2,138,58.2600,1.7500,62.9971,4.3560,-0.0943,190.2987,12.0000,15.0000,0,205.2987,78.6000,high
CORK,2,2026-07-24_CORK_2,La Tache (IRE),4.0000,5.0000,Good To Firm,Turf,,2,138,58.2600,2.2500,62.9971,4.3560,-0.0943,188.1207,12.0000,15.0000,0,203.1207,76.7000,high
CORK,2,2026-07-24_CORK_2,Hi Corbett Court (IRE),5.0000,5.0000,Good To Firm,Turf,,2,123,58.2600,2.7500,62.9971,4.3560,-0.0943,170.9427,-3.0000,15.0000,0,185.9427,64.1000,high
CORK,2,2026-07-24_CORK_2,Sirocco Sands (IRE),6.0000,5.0000,Good To Firm,Turf,,2,133,58.2600,5.2500,62.9971,4.3560,-0.0943,170.0526,7.0000,15.0000,0,185.0526,59.2000,high
CORK,2,2026-07-24_CORK_2,Celestial Crown (IRE),7.0000,5.0000,Good To Firm,Turf,,2,123,58.2600,9.0000,62.9971,4.3560,-0.0943,143.7174,-3.0000,15.0000,3,158.7174,40.1000,high
CORK,2,2026-07-24_CORK_2,Belle Island,8.0000,5.0000,Good To Firm,Turf,,2,123,58.2600,10.2500,62.9971,4.3560,-0.0943,138.2724,-3.0000,15.0000,3,153.2724,31.8000,high
CORK,3,2026-07-24_CORK_3,Ipanema Queen (IRE),1.0000,5.0000,Good To Firm,Turf,,3,128,56.9900,,62.9971,4.4531,-0.0943,213.5027,2.0000,7.0000,3,220.5027,94.3000,high
CORK,3,2026-07-24_CORK_3,Erosandpsyche (IRE),2.0000,5.0000,Good To Firm,Turf,,8,134,56.9900,0.0500,62.9971,4.4531,-0.0943,219.2800,8.0000,-1.5000,0,217.7800,91.9000,high
CORK,3,2026-07-24_CORK_3,Kendall Roy,3.0000,5.0000,Good To Firm,Turf,,5,142,56.9900,0.2000,62.9971,4.4531,-0.0943,226.6121,16.0000,0.0000,0,226.6121,96.9000,high
CORK,3,2026-07-24_CORK_3,Rosie Frith (IRE),4.0000,5.0000,Good To Firm,Turf,,3,129,56.9900,0.9500,62.9971,4.4531,-0.0943,210.2722,3.0000,7.0000,3,217.2722,88.3000,high
CORK,3,2026-07-24_CORK_3,Sarahmae (IRE),5.0000,5.0000,Good To Firm,Turf,,4,136,56.9900,1.4500,62.9971,4.4531,-0.0943,215.0457,10.0000,0.0000,3,215.0457,87.6000,high
CORK,3,2026-07-24_CORK_3,Genesis (IRE),6.0000,5.0000,Good To Firm,Turf,,5,124,56.9900,1.9500,62.9971,4.4531,-0.0943,200.8191,-2.0000,0.0000,0,200.8191,78.5000,high
CORK,3,2026-07-24_CORK_3,Allsortz (IRE),7.0000,5.0000,Good To Firm,Turf,,3,120,56.9900,2.4500,62.9971,4.4531,-0.0943,194.5926,-6.0000,7.0000,0,201.5926,73.6000,high
CORK,3,2026-07-24_CORK_3,Chicago Call (IRE),8.0000,5.0000,Good To Firm,Turf,,3,129,56.9900,2.4800,62.9971,4.4531,-0.0943,203.4590,3.0000,7.0000,0,210.4590,80.9000,high
CORK,3,2026-07-24_CORK_3,Fox In Flight,9.0000,5.0000,Good To Firm,Turf,,3,119,56.9900,3.7300,62.9971,4.4531,-0.0943,187.8926,-7.0000,7.0000,0,194.8926,66.6000,high
CORK,3,2026-07-24_CORK_3,Eclairage (IRE),10.0000,5.0000,Good To Firm,Turf,,4,129,56.9900,3.8800,62.9971,4.4531,-0.0943,197.2246,3.0000,0.0000,3,197.2246,75.4000,high
CORK,3,2026-07-24_CORK_3,Howdyadoit (IRE),11.0000,5.0000,Good To Firm,Turf,,3,134,56.9900,4.3800,62.9971,4.4531,-0.0943,199.9980,8.0000,7.0000,0,206.9980,72.2000,high
CORK,4,2026-07-24_CORK_4,Lohoobb,0.0000,6.0000,Good To Firm,Turf,,3,134,70.0800,,76.4891,3.6839,-0.0943,,0.0000,3.0000,0,,,high
CORK,4,2026-07-24_CORK_4,Grande Cuvee (IRE),0.0000,6.0000,Good To Firm,Turf,,3,129,70.0800,,76.4891,3.6839,-0.0943,,0.0000,3.0000,3,,,high
CORK,4,2026-07-24_CORK_4,Carry The Dream,0.0000,6.0000,Good To Firm,Turf,,3,134,70.0800,,76.4891,3.6839,-0.0943,,0.0000,3.0000,0,,,high
CORK,4,2026-07-24_CORK_4,Finika (IRE),1.0000,6.0000,Good To Firm,Turf,,3,129,70.0800,,76.4891,3.6839,-0.0943,201.6142,3.0000,3.0000,3,204.6142,77.0000,high
CORK,4,2026-07-24_CORK_4,Stooked (IRE),2.0000,6.0000,Good To Firm,Turf,,3,129,70.0800,1.0000,76.4891,3.6839,-0.0943,197.9304,3.0000,3.0000,3,200.9304,74.1000,high
CORK,4,2026-07-24_CORK_4,Trek Home (IRE),3.0000,6.0000,Good To Firm,Turf,,3,134,70.0800,2.7500,76.4891,3.6839,-0.0943,196.4836,8.0000,3.0000,0,199.4836,70.0000,high
CORK,4,2026-07-24_CORK_4,Feel Happy (IRE),4.0000,6.0000,Good To Firm,Turf,,3,129,70.0800,3.2500,76.4891,3.6839,-0.0943,189.6416,3.0000,3.0000,3,192.6416,63.6000,high
CORK,4,2026-07-24_CORK_4,Andaman Fifty (IRE),5.0000,6.0000,Good To Firm,Turf,,3,129,70.0800,4.0000,76.4891,3.6839,-0.0943,186.8787,3.0000,3.0000,3,189.8787,62.2000,high
CORK,4,2026-07-24_CORK_4,Ocean Echo (IRE),6.0000,6.0000,Good To Firm,Turf,,3,134,70.0800,5.5000,76.4891,3.6839,-0.0943,186.3529,8.0000,3.0000,0,189.3529,58.2000,high
CORK,4,2026-07-24_CORK_4,Optics (IRE),7.0000,6.0000,Good To Firm,Turf,,3,134,70.0800,7.5000,76.4891,3.6839,-0.0943,178.9852,8.0000,3.0000,0,181.9852,53.6000,high
CORK,4,2026-07-24_CORK_4,Dash Of Colour,8.0000,6.0000,Good To Firm,Turf,,3,129,70.0800,8.2500,76.4891,3.6839,-0.0943,171.2223,3.0000,3.0000,3,174.2223,49.4000,high
CORK,4,2026-07-24_CORK_4,Cladach (IRE),9.0000,6.0000,Good To Firm,Turf,,3,134,70.0800,9.5000,76.4891,3.6839,-0.0943,171.6174,8.0000,3.0000,0,174.6174,47.5000,high
CORK,4,2026-07-24_CORK_4,Strikepoint (IRE),10.0000,6.0000,Good To Firm,Turf,,3,134,70.0800,9.6500,76.4891,3.6839,-0.0943,171.0648,8.0000,3.0000,0,174.0648,47.0000,high
CORK,4,2026-07-24_CORK_4,Vinho Doche (IRE),11.0000,6.0000,Good To Firm,Turf,,3,134,70.0800,11.4000,76.4891,3.6839,-0.0943,164.6180,8.0000,3.0000,0,167.6180,38.8000,high
CORK,4,2026-07-24_CORK_4,Gaineamh Min (IRE),12.0000,6.0000,Good To Firm,Turf,,3,129,70.0800,13.6500,76.4891,3.6839,-0.0943,151.3293,3.0000,3.0000,3,154.3293,31.0000,high
CORK,4,2026-07-24_CORK_4,Brigerbad (IRE),13.0000,6.0000,Good To Firm,Turf,,3,134,70.0800,20.6500,76.4891,3.6839,-0.0943,130.5422,8.0000,3.0000,0,133.5422,27.5000,low
CORK,5,2026-07-24_CORK_5,Billboa,0.0000,6.0000,Good To Firm,Turf,,6,139,69.7600,,76.4891,3.7008,-0.0943,,0.0000,0.0000,0,,,high
CORK,5,2026-07-24_CORK_5,Ballerina Dancer (IRE),0.0000,6.0000,Good To Firm,Turf,,3,122,69.7600,,76.4891,3.7008,-0.0943,,0.0000,3.0000,3,,,high
CORK,5,2026-07-24_CORK_5,El Fontenaro (IRE),1.0000,6.0000,Good To Firm,Turf,,4,135,69.7600,,76.4891,3.7008,-0.0943,213.0146,9.0000,0.0000,3,213.0146,81.9000,high
CORK,5,2026-07-24_CORK_5,Rosato (IRE),2.0000,6.0000,Good To Firm,Turf,,5,136,69.7600,0.1500,76.4891,3.7008,-0.0943,213.4594,10.0000,0.0000,3,213.4594,81.7000,high
CORK,5,2026-07-24_CORK_5,Jazzit,3.0000,6.0000,Good To Firm,Turf,,4,132,69.7600,1.9000,76.4891,3.7008,-0.0943,202.9831,6.0000,0.0000,0,202.9831,73.9000,high
CORK,5,2026-07-24_CORK_5,Love Bomb (IRE),4.0000,6.0000,Good To Firm,Turf,,3,127,69.7600,3.1500,76.4891,3.7008,-0.0943,193.3571,1.0000,3.0000,3,196.3571,67.9000,high
CORK,5,2026-07-24_CORK_5,Platino Bianco (IRE),5.0000,6.0000,Good To Firm,Turf,,5,132,69.7600,3.6500,76.4891,3.7008,-0.0943,196.5067,6.0000,0.0000,3,196.5067,67.8000,high
CORK,5,2026-07-24_CORK_5,Dubai Opulence (IRE),6.0000,6.0000,Good To Firm,Turf,,3,128,69.7600,3.8000,76.4891,3.7008,-0.0943,191.9516,2.0000,3.0000,0,194.9516,67.1000,high
CORK,5,2026-07-24_CORK_5,Jampa Ling (IRE),7.0000,6.0000,Good To Firm,Turf,,3,130,69.7600,4.5500,76.4891,3.7008,-0.0943,191.1760,4.0000,3.0000,0,194.1760,65.5000,high
CORK,5,2026-07-24_CORK_5,Im Spartacus (IRE),8.0000,6.0000,Good To Firm,Turf,,5,140,69.7600,5.3000,76.4891,3.7008,-0.0943,198.4005,14.0000,0.0000,0,198.4005,66.7000,high
CORK,5,2026-07-24_CORK_5,Hastily,9.0000,6.0000,Good To Firm,Turf,,7,123,69.7600,6.3000,76.4891,3.7008,-0.0943,177.6997,-3.0000,-1.0000,3,176.6997,49.8000,high
CORK,5,2026-07-24_CORK_5,The Cosy Corner (IRE),10.0000,6.0000,Good To Firm,Turf,,3,129,69.7600,6.4000,76.4891,3.7008,-0.0943,183.3296,3.0000,3.0000,3,186.3296,56.9000,high
CORK,5,2026-07-24_CORK_5,Sovereign Banter (IRE),11.0000,6.0000,Good To Firm,Turf,,4,127,69.7600,6.5000,76.4891,3.7008,-0.0943,180.9595,1.0000,0.0000,0,180.9595,55.1000,high
CORK,5,2026-07-24_CORK_5,Whatswrongnow (IRE),12.0000,6.0000,Good To Firm,Turf,,5,133,69.7600,7.0000,76.4891,3.7008,-0.0943,185.1091,7.0000,0.0000,0,185.1091,56.3000,high
CORK,5,2026-07-24_CORK_5,Auguste Gusteau (IRE),13.0000,6.0000,Good To Firm,Turf,,3,127,69.7600,10.5000,76.4891,3.7008,-0.0943,166.1564,1.0000,3.0000,0,169.1564,40.3000,high
CORK,5,2026-07-24_CORK_5,You Smiled (IRE),14.0000,6.0000,Good To Firm,Turf,,3,119,69.7600,12.5000,76.4891,3.7008,-0.0943,150.7549,-7.0000,3.0000,3,153.7549,28.6000,high
CORK,5,2026-07-24_CORK_5,Heart Of Eternity (IRE),15.0000,6.0000,Good To Firm,Turf,,4,142,69.7600,13.0000,76.4891,3.7008,-0.0943,171.9045,16.0000,0.0000,3,171.9045,42.0000,high
CORK,5,2026-07-24_CORK_5,Captain Ciano (IRE),16.0000,6.0000,Good To Firm,Turf,,4,132,69.7600,14.2500,76.4891,3.7008,-0.0943,157.2785,6.0000,0.0000,0,157.2785,33.8000,high
CORK,5,2026-07-24_CORK_5,Niobite (IRE),17.0000,6.0000,Good To Firm,Turf,,3,122,69.7600,16.0000,76.4891,3.7008,-0.0943,140.8022,-4.0000,3.0000,0,143.8022,17.8000,high
CORK,5,2026-07-24_CORK_5,Snowballs (IRE),18.0000,6.0000,Good To Firm,Turf,,4,123,69.7600,18.2500,76.4891,3.7008,-0.0943,133.4754,-3.0000,0.0000,0,133.4754,11.7000,high
CORK,5,2026-07-24_CORK_5,Alandownunder (IRE),19.0000,6.0000,Good To Firm,Turf,,3,129,69.7600,19.5000,76.4891,3.7008,-0.0943,134.8494,3.0000,3.0000,3,137.8494,16.1000,high
CORK,6,2026-07-24_CORK_6,Alphonsus Liguori,1.0000,8.0000,Good To Firm,Turf,,3,136,102.7300,,108.2753,2.5926,-0.0943,168.9264,10.0000,3.0000,0,171.9264,44.2000,high
CORK,6,2026-07-24_CORK_6,Holy Lettuce (IRE),2.0000,8.0000,Good To Firm,Turf,,3,131,102.7300,3.0000,108.2753,2.5926,-0.0943,156.1486,5.0000,3.0000,0,159.1486,31.9000,high
CORK,6,2026-07-24_CORK_6,Fates Gambit (IRE),3.0000,8.0000,Good To Firm,Turf,,3,131,102.7300,7.7500,108.2753,2.5926,-0.0943,143.8338,5.0000,3.0000,0,146.8338,16.8000,high
CORK,6,2026-07-24_CORK_6,Lady In The Gods,4.0000,8.0000,Good To Firm,Turf,,3,126,102.7300,9.7500,108.2753,2.5926,-0.0943,133.6487,0.0000,3.0000,3,136.6487,12.7000,high
CORK,6,2026-07-24_CORK_6,The Monday Club,5.0000,8.0000,Good To Firm,Turf,,3,131,102.7300,11.2500,108.2753,2.5926,-0.0943,134.7598,5.0000,3.0000,0,137.7598,8.8000,high
CORK,7,2026-07-24_CORK_7,Connecteo (IRE),0.0000,12.0000,Good To Firm,Turf,,3,139,156.4100,,167.2237,1.7717,-0.0943,,0.0000,4.0000,0,,,high
CORK,7,2026-07-24_CORK_7,Amethyst Stone (IRE),1.0000,12.0000,Good To Firm,Turf,,3,134,156.4100,,167.2237,1.7717,-0.0943,188.2244,8.0000,4.0000,0,192.2244,62.7000,high
CORK,7,2026-07-24_CORK_7,Millhone (IRE),2.0000,12.0000,Good To Firm,Turf,,3,135,156.4100,0.5000,167.2237,1.7717,-0.0943,188.3386,9.0000,4.0000,3,192.3386,64.1000,high
CORK,7,2026-07-24_CORK_7,Glen Echo (IRE),3.0000,12.0000,Good To Firm,Turf,,3,139,156.4100,3.0000,167.2237,1.7717,-0.0943,187.9093,13.0000,4.0000,0,191.9093,63.8000,high
CORK,7,2026-07-24_CORK_7,Point Cartwright (IRE),4.0000,12.0000,Good To Firm,Turf,,3,138,156.4100,3.1000,167.2237,1.7717,-0.0943,186.7322,12.0000,4.0000,0,190.7322,61.5000,high
CORK,7,2026-07-24_CORK_7,Canon Law (IRE),5.0000,12.0000,Good To Firm,Turf,,3,123,156.4100,3.8500,167.2237,1.7717,-0.0943,170.4034,-3.0000,4.0000,0,174.4034,49.7000,high
CORK,7,2026-07-24_CORK_7,Wingit (IRE),6.0000,12.0000,Good To Firm,Turf,,3,127,156.4100,8.6000,167.2237,1.7717,-0.0943,165.9879,1.0000,4.0000,3,169.9879,45.9000,high
CORK,7,2026-07-24_CORK_7,Cadreville (IRE),7.0000,12.0000,Good To Firm,Turf,,3,121,156.4100,9.1000,167.2237,1.7717,-0.0943,159.1020,-5.0000,4.0000,0,163.1020,40.6000,high
CORK,7,2026-07-24_CORK_7,Nathema,8.0000,12.0000,Good To Firm,Turf,,3,140,156.4100,10.6000,167.2237,1.7717,-0.0943,175.4445,14.0000,4.0000,3,179.4445,47.1000,high
CORK,7,2026-07-24_CORK_7,Borora Aura (IRE),9.0000,12.0000,Good To Firm,Turf,,3,126,156.4100,12.8500,167.2237,1.7717,-0.0943,157.4582,0.0000,4.0000,3,161.4582,36.3000,high
CORK,7,2026-07-24_CORK_7,Guildhall Graduate (IRE),10.0000,12.0000,Good To Firm,Turf,,3,135,156.4100,14.6000,167.2237,1.7717,-0.0943,163.3578,9.0000,4.0000,3,167.3578,39.2000,high
CORK,7,2026-07-24_CORK_7,Tavarua (IRE),11.0000,12.0000,Good To Firm,Turf,,3,127,156.4100,17.6000,167.2237,1.7717,-0.0943,150.0427,1.0000,4.0000,3,154.0427,26.3000,high
CORK,7,2026-07-24_CORK_7,Kuma Queen (IRE),12.0000,12.0000,Good To Firm,Turf,,3,123,156.4100,35.6000,167.2237,1.7717,-0.0943,127.3034,-3.0000,4.0000,3,131.3034,22.6000,low
SANDOWN PARK,1,2026-07-24_SANDOWN PARK_1,Pride Of Nepal,0.0000,10.0500,Good To Firm,Turf,5.0000,8,138,131.1300,,137.9760,2.0866,0.0603,,0.0000,-1.5000,0,,,high
SANDOWN PARK,1,2026-07-24_SANDOWN PARK_1,Imperial Cult (IRE),1.0000,10.0500,Good To Firm,Turf,5.0000,7,135,131.1300,,137.9760,2.0866,0.0603,182.8912,9.0000,-1.0000,0,181.8912,62.6000,high
SANDOWN PARK,1,2026-07-24_SANDOWN PARK_1,Kings Castle (IRE),2.0000,10.0500,Good To Firm,Turf,5.0000,9,134,131.1300,0.7500,137.9760,2.0866,0.0603,180.3262,8.0000,-2.0000,0,178.3262,60.0000,high
SANDOWN PARK,1,2026-07-24_SANDOWN PARK_1,Symphonys Song,3.0000,10.0500,Good To Firm,Turf,5.0000,4,129,131.1300,3.5000,137.9760,2.0866,0.0603,169.5880,3.0000,0.0000,3,169.5880,51.2000,high
SANDOWN PARK,1,2026-07-24_SANDOWN PARK_1,Mrembo,4.0000,10.0500,Good To Firm,Turf,5.0000,7,127,131.1300,5.5000,137.9760,2.0866,0.0603,163.4148,1.0000,-1.0000,3,162.4148,43.9000,high
SANDOWN PARK,1,2026-07-24_SANDOWN PARK_1,Harlington (FR),5.0000,10.0500,Good To Firm,Turf,5.0000,5,138,131.1300,8.2500,137.9760,2.0866,0.0603,168.6766,12.0000,0.0000,0,168.6766,49.1000,high
SANDOWN PARK,1,2026-07-24_SANDOWN PARK_1,Golden Phase,6.0000,10.0500,Good To Firm,Turf,5.0000,6,134,131.1300,10.2500,137.9760,2.0866,0.0603,160.5034,8.0000,0.0000,3,160.5034,37.8000,high
SANDOWN PARK,2,2026-07-24_SANDOWN PARK_2,Sarasota Blue Blue (IRE),0.0000,5.0455,Good To Firm,Turf,4.0000,2,128,62.6600,,66.0594,4.0657,0.0603,,0.0000,15.0000,3,,,high
SANDOWN PARK,2,2026-07-24_SANDOWN PARK_2,Not My Type,1.0000,5.0455,Good To Firm,Turf,4.0000,2,128,62.6600,,66.0594,4.0657,0.0603,173.4158,2.0000,15.0000,3,188.4158,65.1000,high
SANDOWN PARK,2,2026-07-24_SANDOWN PARK_2,Delighfully Hot,2.0000,5.0455,Good To Firm,Turf,4.0000,2,128,62.6600,0.1500,66.0594,4.0657,0.0603,172.8059,2.0000,15.0000,3,187.8059,63.2000,high
SANDOWN PARK,2,2026-07-24_SANDOWN PARK_2,Downonmainstreet (IRE),3.0000,5.0455,Good To Firm,Turf,4.0000,2,128,62.6600,0.6500,66.0594,4.0657,0.0603,170.7731,2.0000,15.0000,3,185.7731,61.4000,high
SANDOWN PARK,2,2026-07-24_SANDOWN PARK_2,Elpeeare (IRE),4.0000,5.0455,Good To Firm,Turf,4.0000,2,128,62.6600,1.4000,66.0594,4.0657,0.0603,167.7238,2.0000,15.0000,3,182.7238,57.6000,high
SANDOWN PARK,2,2026-07-24_SANDOWN PARK_2,Coconut Stall,5.0000,5.0455,Good To Firm,Turf,4.0000,2,128,62.6600,3.9000,66.0594,4.0657,0.0603,157.5596,2.0000,15.0000,3,172.5596,49.4000,high
SANDOWN PARK,2,2026-07-24_SANDOWN PARK_2,Nightbloom (IRE),6.0000,5.0455,Good To Firm,Turf,4.0000,2,128,62.6600,4.4000,66.0594,4.0657,0.0603,155.5268,2.0000,15.0000,3,170.5268,46.8000,high
SANDOWN PARK,2,2026-07-24_SANDOWN PARK_2,Bint Palace Pier (IRE),7.0000,5.0455,Good To Firm,Turf,4.0000,2,128,62.6600,5.9000,66.0594,4.0657,0.0603,149.4283,2.0000,15.0000,3,164.4283,39.9000,high
SANDOWN PARK,2,2026-07-24_SANDOWN PARK_2,Dutys Call (IRE),8.0000,5.0455,Good To Firm,Turf,4.0000,2,128,62.6600,6.4000,66.0594,4.0657,0.0603,147.3954,2.0000,15.0000,3,162.3954,38.2000,high
SANDOWN PARK,3,2026-07-24_SANDOWN PARK_3,Personal Best,1.0000,14.1000,Good To Firm,Turf,4.0000,4,135,187.2600,,200.4447,1.5019,0.0603,207.4633,9.0000,0.0000,3,207.4633,64.5000,high
SANDOWN PARK,3,2026-07-24_SANDOWN PARK_3,Knight Templar,2.0000,14.1000,Good To Firm,Turf,4.0000,5,132,187.2600,1.5000,200.4447,1.5019,0.0603,202.2104,6.0000,0.0000,0,202.2104,59.4000,high
SANDOWN PARK,3,2026-07-24_SANDOWN PARK_3,Appier (IRE),3.0000,14.1000,Good To Firm,Turf,4.0000,7,135,187.2600,2.5000,200.4447,1.5019,0.0603,203.7085,9.0000,-1.0000,0,202.7085,60.5000,high
SANDOWN PARK,3,2026-07-24_SANDOWN PARK_3,Laravie (IRE),4.0000,14.1000,Good To Firm,Turf,4.0000,7,127,187.2600,5.5000,200.4447,1.5019,0.0603,191.2029,1.0000,-1.0000,3,190.2029,46.6000,high
SANDOWN PARK,3,2026-07-24_SANDOWN PARK_3,Ludos Landing (IRE),5.0000,14.1000,Good To Firm,Turf,4.0000,6,131,187.2600,9.0000,200.4447,1.5019,0.0603,189.9463,5.0000,0.0000,0,189.9463,48.2000,high
SANDOWN PARK,3,2026-07-24_SANDOWN PARK_3,Mister Daydream (IRE),6.0000,14.1000,Good To Firm,Turf,4.0000,5,122,187.2600,12.5000,200.4447,1.5019,0.0603,175.6896,-4.0000,0.0000,0,175.6896,31.9000,high
SANDOWN PARK,4,2026-07-24_SANDOWN PARK_4,Cyrano De Bergerac (IRE),1.0000,10.0500,Good To Firm,Turf,4.0000,3,136,129.0200,,137.9760,2.1207,0.0603,204.8127,10.0000,2.0500,0,206.8627,86.2000,high
SANDOWN PARK,4,2026-07-24_SANDOWN PARK_4,Blue Noon (IRE),2.0000,10.0500,Good To Firm,Turf,4.0000,3,131,129.0200,4.5000,137.9760,2.1207,0.0603,190.2694,5.0000,2.0500,3,192.3194,72.7000,high
SANDOWN PARK,4,2026-07-24_SANDOWN PARK_4,Roker Roar (IRE),3.0000,10.0500,Good To Firm,Turf,4.0000,3,127,129.0200,7.7500,137.9760,2.1207,0.0603,179.3770,1.0000,2.0500,0,181.4270,62.3000,high
SANDOWN PARK,4,2026-07-24_SANDOWN PARK_4,Knightsail (IRE),4.0000,10.0500,Good To Firm,Turf,4.0000,3,131,129.0200,10.0000,137.9760,2.1207,0.0603,178.6053,5.0000,2.0500,0,180.6553,62.9000,high
SANDOWN PARK,4,2026-07-24_SANDOWN PARK_4,Hot And Cold,5.0000,10.0500,Good To Firm,Turf,4.0000,3,136,129.0200,12.2500,137.9760,2.1207,0.0603,178.8336,10.0000,2.0500,3,180.8836,58.8000,high
SANDOWN PARK,5,2026-07-24_SANDOWN PARK_5,Swiped,1.0000,8.1000,Good To Firm,Turf,4.0000,3,130,105.9200,,111.0685,2.5223,0.0603,171.7954,4.0000,2.9500,0,174.7454,56.3000,high
SANDOWN PARK,5,2026-07-24_SANDOWN PARK_5,Sea Suite (IRE),2.0000,8.1000,Good To Firm,Turf,4.0000,4,136,105.9200,0.7500,111.0685,2.5223,0.0603,175.9036,10.0000,0.0000,0,175.9036,56.7000,high
SANDOWN PARK,5,2026-07-24_SANDOWN PARK_5,Bubbles Wonky (IRE),3.0000,8.1000,Good To Firm,Turf,4.0000,5,134,105.9200,3.2500,111.0685,2.5223,0.0603,167.5979,8.0000,0.0000,0,167.5979,47.7000,high
SANDOWN PARK,5,2026-07-24_SANDOWN PARK_5,Cristo,4.0000,8.1000,Good To Firm,Turf,4.0000,4,139,105.9200,5.2500,111.0685,2.5223,0.0603,167.5534,13.0000,0.0000,0,167.5534,46.2000,high
SANDOWN PARK,5,2026-07-24_SANDOWN PARK_5,Lorcas Waltz,5.0000,8.1000,Good To Firm,Turf,4.0000,3,131,105.9200,5.3000,111.0685,2.5223,0.0603,159.4273,5.0000,2.9500,0,162.3773,43.5000,high
SANDOWN PARK,5,2026-07-24_SANDOWN PARK_5,Winstons Warrior (IRE),6.0000,8.1000,Good To Firm,Turf,4.0000,4,140,105.9200,5.8000,111.0685,2.5223,0.0603,167.1661,14.0000,0.0000,0,167.1661,46.2000,high
SANDOWN PARK,6,2026-07-24_SANDOWN PARK_6,Lyra Lea,1.0000,7.1000,Good To Firm,Turf,5.0000,3,135,90.4400,,96.7921,2.9258,0.0603,201.6791,9.0000,2.1000,3,203.7791,70.7000,high
SANDOWN PARK,6,2026-07-24_SANDOWN PARK_6,Norfolk Blue (IRE),2.0000,7.1000,Good To Firm,Turf,5.0000,3,128,90.4400,1.7500,96.7921,2.9258,0.0603,189.5591,2.0000,2.1000,0,191.6591,59.3000,high
SANDOWN PARK,6,2026-07-24_SANDOWN PARK_6,Unionville,3.0000,7.1000,Good To Firm,Turf,5.0000,3,130,90.4400,3.2500,96.7921,2.9258,0.0603,187.1704,4.0000,2.1000,0,189.2704,57.1000,high
SANDOWN PARK,6,2026-07-24_SANDOWN PARK_6,Decalogue (USA),4.0000,7.1000,Good To Firm,Turf,5.0000,3,133,90.4400,4.2500,96.7921,2.9258,0.0603,187.2447,7.0000,2.1000,0,189.3447,57.6000,high
SANDOWN PARK,6,2026-07-24_SANDOWN PARK_6,Berkshire Boom (IRE),5.0000,7.1000,Good To Firm,Turf,5.0000,3,129,90.4400,5.0000,96.7921,2.9258,0.0603,181.0504,3.0000,2.1000,0,183.1504,51.9000,high
SANDOWN PARK,6,2026-07-24_SANDOWN PARK_6,King Cherry (IRE),6.0000,7.1000,Good To Firm,Turf,5.0000,3,124,90.4400,10.0000,96.7921,2.9258,0.0603,161.4216,-2.0000,2.1000,0,163.5216,35.0000,high
THIRSK,1,2026-07-24_THIRSK_1,Little Lady Karen,0.0000,7.0000,Good To Firm,Turf,3.0000,2,128,86.5500,,91.9951,3.0495,-0.0090,,0.0000,16.0000,3,,,high
THIRSK,1,2026-07-24_THIRSK_1,Martinet (IRE),1.0000,7.0000,Good To Firm,Turf,3.0000,2,128,86.5500,,91.9951,3.0495,-0.0090,179.2036,2.0000,16.0000,3,195.2036,65.9000,high
THIRSK,1,2026-07-24_THIRSK_1,Love Tanya (IRE),2.0000,7.0000,Good To Firm,Turf,3.0000,2,128,86.5500,2.7500,91.9951,3.0495,-0.0090,170.8176,2.0000,16.0000,3,186.8176,59.6000,high
THIRSK,1,2026-07-24_THIRSK_1,Isabella De Vega (IRE),3.0000,7.0000,Good To Firm,Turf,3.0000,2,128,86.5500,2.9000,91.9951,3.0495,-0.0090,170.3602,2.0000,16.0000,3,186.3602,59.0000,high
THIRSK,1,2026-07-24_THIRSK_1,Diamond New Bay (IRE),4.0000,7.0000,Good To Firm,Turf,3.0000,2,128,86.5500,5.9000,91.9951,3.0495,-0.0090,161.2118,2.0000,16.0000,3,177.2118,48.0000,high
THIRSK,1,2026-07-24_THIRSK_1,Diplomata,5.0000,7.0000,Good To Firm,Turf,3.0000,2,128,86.5500,6.9000,91.9951,3.0495,-0.0090,158.1623,2.0000,16.0000,3,174.1623,45.8000,high
THIRSK,1,2026-07-24_THIRSK_1,Skyglow (IRE),6.0000,7.0000,Good To Firm,Turf,3.0000,2,128,86.5500,44.9000,91.9951,3.0495,-0.0090,80.1386,2.0000,16.0000,3,96.1386,-11.9000,low
THIRSK,2,2026-07-24_THIRSK_2,Spruce,0.0000,6.0000,Good To Firm,Turf,4.0000,2,130,70.1400,,75.9661,3.6807,-0.0090,,0.0000,15.0000,0,,,high
THIRSK,2,2026-07-24_THIRSK_2,Meccapulco (IRE),0.0000,6.0000,Good To Firm,Turf,4.0000,2,125,70.1400,,75.9661,3.6807,-0.0090,,0.0000,15.0000,3,,,high
THIRSK,2,2026-07-24_THIRSK_2,Blakey Ridge (IRE),1.0000,6.0000,Good To Firm,Turf,4.0000,2,130,70.1400,,75.9661,3.6807,-0.0090,202.0797,4.0000,15.0000,0,217.0797,82.4000,high
THIRSK,2,2026-07-24_THIRSK_2,Blessed Voyager (IRE),2.0000,6.0000,Good To Firm,Turf,4.0000,2,137,70.1400,1.5000,75.9661,3.6807,-0.0090,203.5586,11.0000,15.0000,0,218.5586,81.1000,high
THIRSK,2,2026-07-24_THIRSK_2,Roman Crystal (IRE),3.0000,6.0000,Good To Firm,Turf,4.0000,2,125,70.1400,7.5000,75.9661,3.6807,-0.0090,169.4742,-1.0000,15.0000,3,184.4742,53.7000,high
THIRSK,2,2026-07-24_THIRSK_2,Statten Island (IRE),4.0000,6.0000,Good To Firm,Turf,4.0000,2,130,70.1400,8.2500,75.9661,3.6807,-0.0090,171.7137,4.0000,15.0000,0,186.7137,55.8000,high
THIRSK,2,2026-07-24_THIRSK_2,Dodgem,5.0000,6.0000,Good To Firm,Turf,4.0000,2,130,70.1400,13.7500,75.9661,3.6807,-0.0090,151.4697,4.0000,15.0000,0,166.4697,38.2000,high
THIRSK,2,2026-07-24_THIRSK_2,Trust In Far (IRE),6.0000,6.0000,Good To Firm,Turf,4.0000,2,125,70.1400,21.7500,75.9661,3.6807,-0.0090,120.1118,-1.0000,15.0000,3,135.1118,23.8000,low
THIRSK,2,2026-07-24_THIRSK_2,Naughty At Forty (IRE),7.0000,6.0000,Good To Firm,Turf,4.0000,2,125,70.1400,25.2500,75.9661,3.6807,-0.0090,113.6705,-1.0000,15.0000,3,128.6705,17.2000,low
THIRSK,3,2026-07-24_THIRSK_3,Lady Dublin,1.0000,6.0000,Good To Firm,Turf,6.0000,2,141,71.4200,,75.9661,3.6148,-0.0090,191.3297,15.0000,15.0000,3,206.3297,68.8000,high
THIRSK,3,2026-07-24_THIRSK_3,Crystal Kraken,2.0000,6.0000,Good To Firm,Turf,6.0000,2,130,71.4200,1.2500,75.9661,3.6148,-0.0090,175.8112,4.0000,15.0000,3,190.8112,58.9000,high
THIRSK,3,2026-07-24_THIRSK_3,Spirit Of Mary,3.0000,6.0000,Good To Firm,Turf,6.0000,2,115,71.4200,1.7500,75.9661,3.6148,-0.0090,159.0039,-11.0000,15.0000,3,174.0039,45.6000,high
THIRSK,3,2026-07-24_THIRSK_3,Enemy Action (IRE),4.0000,6.0000,Good To Firm,Turf,6.0000,2,131,71.4200,1.9000,75.9661,3.6148,-0.0090,174.4617,5.0000,15.0000,0,189.4617,57.8000,high
THIRSK,3,2026-07-24_THIRSK_3,Claret And Blues,5.0000,6.0000,Good To Firm,Turf,6.0000,2,131,71.4200,2.4000,75.9661,3.6148,-0.0090,172.6543,5.0000,15.0000,0,187.6543,56.1000,high
THIRSK,3,2026-07-24_THIRSK_3,Lairy Mary,6.0000,6.0000,Good To Firm,Turf,6.0000,2,130,71.4200,2.9000,75.9661,3.6148,-0.0090,169.8469,4.0000,15.0000,3,184.8469,52.1000,high
THIRSK,3,2026-07-24_THIRSK_3,Trust Havana (IRE),7.0000,6.0000,Good To Firm,Turf,6.0000,2,122,71.4200,4.6500,75.9661,3.6148,-0.0090,155.5211,-4.0000,15.0000,3,170.5211,39.7000,high
THIRSK,3,2026-07-24_THIRSK_3,Eevee Star,8.0000,6.0000,Good To Firm,Turf,6.0000,2,135,71.4200,5.6500,75.9661,3.6148,-0.0090,164.9063,9.0000,15.0000,3,179.9063,42.5000,high
THIRSK,3,2026-07-24_THIRSK_3,Inns And Out (IRE),9.0000,6.0000,Good To Firm,Turf,6.0000,2,132,71.4200,5.7500,75.9661,3.6148,-0.0090,161.5448,6.0000,15.0000,0,176.5448,39.9000,high
THIRSK,3,2026-07-24_THIRSK_3,Mardy Bum (IRE),10.0000,6.0000,Good To Firm,Turf,6.0000,2,132,71.4200,6.5000,75.9661,3.6148,-0.0090,158.8338,6.0000,15.0000,3,173.8338,37.9000,high
THIRSK,3,2026-07-24_THIRSK_3,Liveadream,11.0000,6.0000,Good To Firm,Turf,6.0000,2,130,71.4200,7.2500,75.9661,3.6148,-0.0090,154.1227,4.0000,15.0000,3,169.1227,35.5000,high
THIRSK,3,2026-07-24_THIRSK_3,Bea Kindly,12.0000,6.0000,Good To Firm,Turf,6.0000,2,121,71.4200,13.2500,75.9661,3.6148,-0.0090,123.4341,-5.0000,15.0000,3,138.4341,10.2000,high
THIRSK,4,2026-07-24_THIRSK_4,Port George,1.0000,14.0000,Good To Firm,Turf,5.0000,4,135,182.5200,,196.3880,1.5395,-0.0090,207.3094,9.0000,0.0000,0,207.3094,50.5000,provisional
THIRSK,4,2026-07-24_THIRSK_4,Twilight Safari,2.0000,14.0000,Good To Firm,Turf,5.0000,4,130,182.5200,1.2500,196.3880,1.5395,-0.0090,200.3850,4.0000,0.0000,0,200.3850,44.6000,provisional
THIRSK,4,2026-07-24_THIRSK_4,Gibside,3.0000,14.0000,Good To Firm,Turf,5.0000,7,140,182.5200,6.7500,196.3880,1.5395,-0.0090,201.9176,14.0000,-1.0000,0,200.9176,43.8000,provisional
THIRSK,4,2026-07-24_THIRSK_4,Gaelic Approach,4.0000,14.0000,Good To Firm,Turf,5.0000,3,132,182.5200,14.7500,196.3880,1.5395,-0.0090,181.6014,6.0000,1.0000,0,182.6014,32.8000,provisional
THIRSK,4,2026-07-24_THIRSK_4,Tupero,5.0000,14.0000,Good To Firm,Turf,5.0000,4,136,182.5200,30.7500,196.3880,1.5395,-0.0090,169.1885,10.0000,0.0000,0,169.1885,26.4000,provisional
THIRSK,5,2026-07-24_THIRSK_5,Celtic Arrow (FR),0.0000,6.0000,Good To Firm,Turf,5.0000,3,133,70.0600,,75.9661,3.6849,-0.0090,,0.0000,3.0000,3,,,high
THIRSK,5,2026-07-24_THIRSK_5,Zooella (IRE),1.0000,6.0000,Good To Firm,Turf,5.0000,3,139,70.0600,,75.9661,3.6849,-0.0090,212.4391,13.0000,3.0000,3,215.4391,80.3000,high
THIRSK,5,2026-07-24_THIRSK_5,Canaria Queen,2.0000,6.0000,Good To Firm,Turf,5.0000,6,138,70.0600,1.5000,75.9661,3.6849,-0.0090,205.9117,12.0000,0.0000,3,205.9117,72.9000,high
THIRSK,5,2026-07-24_THIRSK_5,Love Alive,3.0000,6.0000,Good To Firm,Turf,5.0000,3,128,70.0600,3.2500,75.9661,3.6849,-0.0090,189.4630,2.0000,3.0000,3,192.4630,60.5000,high
THIRSK,5,2026-07-24_THIRSK_5,Miss Rainbow (IRE),4.0000,6.0000,Good To Firm,Turf,5.0000,5,131,70.0600,3.7500,75.9661,3.6849,-0.0090,190.6206,5.0000,0.0000,3,190.6206,60.6000,high
THIRSK,5,2026-07-24_THIRSK_5,Ziggys Queen (IRE),5.0000,6.0000,Good To Firm,Turf,5.0000,5,140,70.0600,4.7500,75.9661,3.6849,-0.0090,195.9357,14.0000,0.0000,3,195.9357,63.9000,high
THIRSK,5,2026-07-24_THIRSK_5,Taygar (IRE),6.0000,6.0000,Good To Firm,Turf,5.0000,5,135,70.0600,5.5000,75.9661,3.6849,-0.0090,188.1720,9.0000,0.0000,3,188.1720,55.2000,high
THIRSK,5,2026-07-24_THIRSK_5,Oasis Cover,7.0000,6.0000,Good To Firm,Turf,5.0000,3,126,70.0600,6.5000,75.9661,3.6849,-0.0090,175.4870,0.0000,3.0000,3,178.4870,46.9000,high
THIRSK,5,2026-07-24_THIRSK_5,Eartha,8.0000,6.0000,Good To Firm,Turf,5.0000,4,136,70.0600,10.7500,75.9661,3.6849,-0.0090,169.8261,10.0000,0.0000,3,169.8261,39.9000,high
THIRSK,6,2026-07-24_THIRSK_6,Sixty Plus (IRE),1.0000,12.0364,Good To Firm,Turf,6.0000,6,135,152.6000,,167.3385,1.8172,-0.0090,230.2191,9.0000,0.0000,0,230.2191,57.6000,high
THIRSK,6,2026-07-24_THIRSK_6,Dubai Venture (IRE),2.0000,12.0364,Good To Firm,Turf,6.0000,5,128,152.6000,6.0000,167.3385,1.8172,-0.0090,212.3160,2.0000,0.0000,0,212.3160,37.8000,high
THIRSK,6,2026-07-24_THIRSK_6,Wolf Of Badenoch,3.0000,12.0364,Good To Firm,Turf,6.0000,4,134,152.6000,7.5000,167.3385,1.8172,-0.0090,215.5902,8.0000,0.0000,0,215.5902,42.2000,high
THIRSK,6,2026-07-24_THIRSK_6,Max Of Stars (FR),4.0000,12.0364,Good To Firm,Turf,6.0000,6,131,152.6000,14.0000,167.3385,1.8172,-0.0090,200.7785,5.0000,0.0000,3,200.7785,28.1000,high
THIRSK,6,2026-07-24_THIRSK_6,Educate,5.0000,12.0364,Good To Firm,Turf,6.0000,5,126,152.6000,20.5000,167.3385,1.8172,-0.0090,184.3556,0.0000,0.0000,0,184.3556,25.4000,low
THIRSK,7,2026-07-24_THIRSK_7,Sunlit Sea,1.0000,5.0000,Good To Firm,Turf,6.0000,3,137,57.8200,,62.2997,4.3892,-0.0090,201.3247,11.0000,7.0000,3,208.3247,67.9000,high
THIRSK,7,2026-07-24_THIRSK_7,So Grateful,2.0000,5.0000,Good To Firm,Turf,6.0000,8,125,57.8200,0.1500,62.2997,4.3892,-0.0090,188.6663,-1.0000,-1.5000,0,187.1663,51.4000,high
THIRSK,7,2026-07-24_THIRSK_7,Irish Dancer (IRE),3.0000,5.0000,Good To Firm,Turf,6.0000,6,136,57.8200,1.4000,62.2997,4.3892,-0.0090,194.1798,10.0000,0.0000,0,194.1798,57.8000,high
THIRSK,7,2026-07-24_THIRSK_7,Midnight Lir (IRE),4.0000,5.0000,Good To Firm,Turf,6.0000,5,138,57.8200,1.5500,62.2997,4.3892,-0.0090,195.5214,12.0000,0.0000,0,195.5214,57.7000,high
THIRSK,7,2026-07-24_THIRSK_7,Albegone,5.0000,5.0000,Good To Firm,Turf,6.0000,8,136,57.8200,2.0500,62.2997,4.3892,-0.0090,191.3268,10.0000,-1.5000,0,189.8268,54.2000,high
THIRSK,7,2026-07-24_THIRSK_7,Dabbling (IRE),6.0000,5.0000,Good To Firm,Turf,6.0000,3,130,57.8200,2.2000,62.2997,4.3892,-0.0090,184.6684,4.0000,7.0000,3,191.6684,49.8000,high
THIRSK,7,2026-07-24_THIRSK_7,Mare Of London,7.0000,5.0000,Good To Firm,Turf,6.0000,3,134,57.8200,3.4500,62.2997,4.3892,-0.0090,183.1820,8.0000,7.0000,3,190.1820,48.4000,high
THIRSK,7,2026-07-24_THIRSK_7,Country Artiste (IRE),8.0000,5.0000,Good To Firm,Turf,6.0000,3,133,57.8200,3.6000,62.2997,4.3892,-0.0090,181.5236,7.0000,7.0000,3,188.5236,45.9000,high
THIRSK,7,2026-07-24_THIRSK_7,Gwen Tennyson (IRE),9.0000,5.0000,Good To Firm,Turf,6.0000,3,127,57.8200,6.8500,62.2997,4.3892,-0.0090,161.2587,1.0000,7.0000,3,168.2587,30.1000,high
YORK,1,2026-07-24_YORK_1,Jonny Concrete (IRE),1.0000,7.0000,Good To Firm,Turf,4.0000,5,134,84.4000,,88.9366,3.1271,0.3172,208.2590,8.0000,0.0000,0,208.2590,87.0000,high
YORK,1,2026-07-24_YORK_1,Invincible Ruby (IRE),2.0000,7.0000,Good To Firm,Turf,4.0000,4,122,84.4000,0.5000,88.9366,3.1271,0.3172,194.6954,-4.0000,0.0000,3,194.6954,73.6000,high
YORK,1,2026-07-24_YORK_1,Stratocracy (IRE),3.0000,7.0000,Good To Firm,Turf,4.0000,5,132,84.4000,0.6500,88.9366,3.1271,0.3172,204.2264,6.0000,0.0000,0,204.2264,83.2000,high
YORK,1,2026-07-24_YORK_1,Quest For Fun,3.0000,7.0000,Good To Firm,Turf,4.0000,8,131,84.4000,0.6500,88.9366,3.1271,0.3172,203.2264,5.0000,-1.5000,0,201.7264,81.9000,high
YORK,1,2026-07-24_YORK_1,Golden Strike (IRE),5.0000,7.0000,Good To Firm,Turf,4.0000,5,130,84.4000,0.7500,88.9366,3.1271,0.3172,201.9137,4.0000,0.0000,0,201.9137,78.2000,high
YORK,1,2026-07-24_YORK_1,Orne (IRE),6.0000,7.0000,Good To Firm,Turf,4.0000,5,127,84.4000,0.9000,88.9366,3.1271,0.3172,198.4446,1.0000,0.0000,0,198.4446,76.0000,high
YORK,1,2026-07-24_YORK_1,Misunderstood (FR),7.0000,7.0000,Good To Firm,Turf,4.0000,4,136,84.4000,0.9500,88.9366,3.1271,0.3172,207.2882,10.0000,0.0000,0,207.2882,81.8000,high
YORK,1,2026-07-24_YORK_1,Mr King (IRE),8.0000,7.0000,Good To Firm,Turf,4.0000,6,133,84.4000,0.9800,88.9366,3.1271,0.3172,204.1944,7.0000,0.0000,0,204.1944,80.1000,high
YORK,1,2026-07-24_YORK_1,Lord Bertie (FR),9.0000,7.0000,Good To Firm,Turf,4.0000,6,135,84.4000,2.2300,88.9366,3.1271,0.3172,202.2855,9.0000,0.0000,0,202.2855,77.5000,high
YORK,1,2026-07-24_YORK_1,Alpha Capture (IRE),10.0000,7.0000,Good To Firm,Turf,4.0000,6,137,84.4000,2.9800,88.9366,3.1271,0.3172,201.9401,11.0000,0.0000,0,201.9401,77.3000,high
YORK,1,2026-07-24_YORK_1,Jet Warrior,11.0000,7.0000,Good To Firm,Turf,4.0000,4,119,84.4000,4.4800,88.9366,3.1271,0.3172,179.2494,-7.0000,0.0000,0,179.2494,59.0000,high
YORK,1,2026-07-24_YORK_1,Ashen (IRE),12.0000,7.0000,Good To Firm,Turf,4.0000,4,123,84.4000,4.9800,88.9366,3.1271,0.3172,181.6858,-3.0000,0.0000,0,181.6858,61.1000,high
YORK,1,2026-07-24_YORK_1,Monsieur Bondy,13.0000,7.0000,Good To Firm,Turf,4.0000,4,130,84.4000,6.4800,88.9366,3.1271,0.3172,183.9951,4.0000,0.0000,0,183.9951,62.0000,high
YORK,1,2026-07-24_YORK_1,Mister Sox,14.0000,7.0000,Good To Firm,Turf,4.0000,6,130,84.4000,11.4800,88.9366,3.1271,0.3172,168.3594,4.0000,0.0000,0,168.3594,48.3000,high
YORK,1,2026-07-24_YORK_1,Intervention,15.0000,7.0000,Good To Firm,Turf,4.0000,9,122,84.4000,12.4800,88.9366,3.1271,0.3172,157.2323,-4.0000,-2.0000,0,155.2323,38.2000,high
YORK,1,2026-07-24_YORK_1,Fortamour (IRE),16.0000,7.0000,Good To Firm,Turf,4.0000,10,129,84.4000,17.4800,88.9366,3.1271,0.3172,148.6237,3.0000,-2.5000,0,146.1237,29.7000,high
YORK,1,2026-07-24_YORK_1,Roaring Ralph,17.0000,7.0000,Good To Firm,Turf,4.0000,6,131,84.4000,20.7300,88.9366,3.1271,0.3172,145.5421,5.0000,0.0000,0,145.5421,45.5000,low
YORK,1,2026-07-24_YORK_1,Royal Accord,18.0000,7.0000,Good To Firm,Turf,4.0000,4,129,84.4000,25.2300,88.9366,3.1271,0.3172,136.5061,3.0000,0.0000,0,136.5061,38.4000,low
YORK,2,2026-07-24_YORK_2,Boxing Great (IRE),0.0000,16.4500,Good To Firm,Turf,4.0000,6,129,215.2600,,222.6841,1.3078,0.3172,,0.0000,0.0000,0,,,high
YORK,2,2026-07-24_YORK_2,Vaguely Royal (IRE),1.0000,16.4500,Good To Firm,Turf,4.0000,6,124,215.2600,,222.6841,1.3078,0.3172,177.9056,-2.0000,0.0000,0,177.9056,67.2000,high
YORK,2,2026-07-24_YORK_2,Queen Roslyn,2.0000,16.4500,Good To Firm,Turf,4.0000,5,116,215.2600,0.5000,222.6841,1.3078,0.3172,169.2517,-10.0000,0.0000,3,169.2517,59.7000,high
YORK,2,2026-07-24_YORK_2,Furhaan,3.0000,16.4500,Good To Firm,Turf,4.0000,4,118,215.2600,2.5000,222.6841,1.3078,0.3172,168.6362,-8.0000,0.0000,0,168.6362,59.3000,high
YORK,2,2026-07-24_YORK_2,Newport,4.0000,16.4500,Good To Firm,Turf,4.0000,6,118,215.2600,3.0000,222.6841,1.3078,0.3172,167.9823,-8.0000,0.0000,0,167.9823,59.8000,high
YORK,2,2026-07-24_YORK_2,Talismans Time,5.0000,16.4500,Good To Firm,Turf,4.0000,4,137,215.2600,4.5000,222.6841,1.3078,0.3172,185.0207,11.0000,0.0000,0,185.0207,73.8000,high
YORK,2,2026-07-24_YORK_2,Valley Of Flowers (IRE),6.0000,16.4500,Good To Firm,Turf,4.0000,8,126,215.2600,6.5000,222.6841,1.3078,0.3172,171.4051,0.0000,-1.5000,3,169.9051,60.1000,high
YORK,2,2026-07-24_YORK_2,Treasure Islands,7.0000,16.4500,Good To Firm,Turf,4.0000,4,126,215.2600,6.6000,222.6841,1.3078,0.3172,171.2743,0.0000,0.0000,0,171.2743,60.7000,high
YORK,2,2026-07-24_YORK_2,Venezuelan (IRE),8.0000,16.4500,Good To Firm,Turf,4.0000,4,133,215.2600,12.1000,222.6841,1.3078,0.3172,171.0816,7.0000,0.0000,0,171.0816,59.2000,high
YORK,2,2026-07-24_YORK_2,Rogue Empire,9.0000,16.4500,Good To Firm,Turf,4.0000,4,129,215.2600,12.6000,222.6841,1.3078,0.3172,166.4277,3.0000,0.0000,0,166.4277,55.3000,high
YORK,2,2026-07-24_YORK_2,Trojan Sun,10.0000,16.4500,Good To Firm,Turf,4.0000,6,129,215.2600,13.8500,222.6841,1.3078,0.3172,164.7930,3.0000,0.0000,0,164.7930,54.3000,high
YORK,2,2026-07-24_YORK_2,Nanny Park,11.0000,16.4500,Good To Firm,Turf,4.0000,4,118,215.2600,14.6000,222.6841,1.3078,0.3172,152.8122,-8.0000,0.0000,3,152.8122,38.1000,high
YORK,2,2026-07-24_YORK_2,Tarbat Ness,12.0000,16.4500,Good To Firm,Turf,4.0000,7,128,215.2600,25.6000,222.6841,1.3078,0.3172,153.7476,2.0000,-1.0000,0,152.7476,50.2000,low
YORK,2,2026-07-24_YORK_2,Midnight Rumble,13.0000,16.4500,Good To Firm,Turf,4.0000,5,134,215.2600,60.6000,222.6841,1.3078,0.3172,136.8617,8.0000,0.0000,0,136.8617,33.3000,low
YORK,3,2026-07-24_YORK_3,Coral Cove (FR),1.0000,7.0000,Good To Firm,Turf,3.0000,2,125,88.1700,,88.9366,2.9934,0.3172,143.3192,-1.0000,16.0000,3,159.3192,51.2000,high
YORK,3,2026-07-24_YORK_3,Sweet Iris (IRE),2.0000,7.0000,Good To Firm,Turf,3.0000,2,128,88.1700,4.7500,88.9366,2.9934,0.3172,132.1004,2.0000,16.0000,3,148.1004,41.0000,high
YORK,3,2026-07-24_YORK_3,Rule Of The Agency,3.0000,7.0000,Good To Firm,Turf,3.0000,2,133,88.1700,7.0000,88.9366,2.9934,0.3172,130.3652,7.0000,16.0000,0,146.3652,37.5000,high
YORK,3,2026-07-24_YORK_3,Special Operations (IRE),4.0000,7.0000,Good To Firm,Turf,3.0000,2,130,88.1700,7.1500,88.9366,2.9934,0.3172,126.9162,4.0000,16.0000,0,142.9162,36.7000,high
YORK,3,2026-07-24_YORK_3,Travellers Girl (IRE),5.0000,7.0000,Good To Firm,Turf,3.0000,2,128,88.1700,7.3000,88.9366,2.9934,0.3172,124.4672,2.0000,16.0000,3,140.4672,33.1000,high
YORK,3,2026-07-24_YORK_3,Diplomacy,6.0000,7.0000,Good To Firm,Turf,3.0000,2,133,88.1700,10.8000,88.9366,2.9934,0.3172,118.9902,7.0000,16.0000,0,134.9902,25.5000,high
YORK,3,2026-07-24_YORK_3,The Resdev Rocket (IRE),7.0000,7.0000,Good To Firm,Turf,3.0000,2,133,88.1700,11.3000,88.9366,2.9934,0.3172,117.4934,7.0000,16.0000,0,133.4934,23.4000,high
YORK,3,2026-07-24_YORK_3,The First Drop,8.0000,7.0000,Good To Firm,Turf,3.0000,2,133,88.1700,13.0500,88.9366,2.9934,0.3172,112.2549,7.0000,16.0000,0,128.2549,19.0000,high
YORK,4,2026-07-24_YORK_4,Tiva (IRE),0.0000,6.0000,Good To Firm,Turf,4.0000,4,135,71.3000,,75.0563,3.6208,0.3172,,0.0000,0.0000,3,,,high
YORK,4,2026-07-24_YORK_4,Rajaking,1.0000,6.0000,Good To Firm,Turf,4.0000,4,132,71.3000,,75.0563,3.6208,0.3172,203.3306,6.0000,0.0000,0,203.3306,86.5000,high
YORK,4,2026-07-24_YORK_4,Almarada Prince (IRE),2.0000,6.0000,Good To Firm,Turf,4.0000,5,134,71.3000,1.2500,75.0563,3.6208,0.3172,200.8045,8.0000,0.0000,0,200.8045,83.0000,high
YORK,4,2026-07-24_YORK_4,Educating Rita,3.0000,6.0000,Good To Firm,Turf,4.0000,4,126,71.3000,2.7500,75.0563,3.6208,0.3172,187.3733,0.0000,0.0000,3,187.3733,73.0000,high
YORK,4,2026-07-24_YORK_4,Bonnies Boy,4.0000,6.0000,Good To Firm,Turf,4.0000,4,129,71.3000,3.5000,75.0563,3.6208,0.3172,187.6576,3.0000,0.0000,0,187.6576,71.9000,high
YORK,4,2026-07-24_YORK_4,Ingleby Archie (IRE),5.0000,6.0000,Good To Firm,Turf,4.0000,5,128,71.3000,4.2500,75.0563,3.6208,0.3172,183.9420,2.0000,0.0000,0,183.9420,69.1000,high
YORK,4,2026-07-24_YORK_4,Dicko The Legend (IRE),6.0000,6.0000,Good To Firm,Turf,4.0000,6,125,71.3000,5.5000,75.0563,3.6208,0.3172,176.4160,-1.0000,0.0000,0,176.4160,60.4000,high
YORK,4,2026-07-24_YORK_4,Magic Boy (GER),7.0000,6.0000,Good To Firm,Turf,4.0000,4,132,71.3000,5.5500,75.0563,3.6208,0.3172,183.2349,6.0000,0.0000,0,183.2349,67.1000,high
YORK,4,2026-07-24_YORK_4,Hk Fourteen (IRE),8.0000,6.0000,Good To Firm,Turf,4.0000,6,132,71.3000,5.7000,75.0563,3.6208,0.3172,182.6918,6.0000,0.0000,0,182.6918,66.1000,high
YORK,4,2026-07-24_YORK_4,Glory Hyde (IRE),9.0000,6.0000,Good To Firm,Turf,4.0000,5,135,71.3000,6.7000,75.0563,3.6208,0.3172,182.0709,9.0000,0.0000,3,182.0709,64.7000,high
YORK,4,2026-07-24_YORK_4,Spirit Of Applause,10.0000,6.0000,Good To Firm,Turf,4.0000,6,124,71.3000,7.2000,75.0563,3.6208,0.3172,169.2605,-2.0000,0.0000,0,169.2605,53.0000,high
YORK,4,2026-07-24_YORK_4,Fiscal Policy (IRE),11.0000,6.0000,Good To Firm,Turf,4.0000,7,131,71.3000,7.3000,75.0563,3.6208,0.3172,175.8984,5.0000,-1.0000,0,174.8984,60.1000,high
YORK,4,2026-07-24_YORK_4,Tough Enough,12.0000,6.0000,Good To Firm,Turf,4.0000,6,124,71.3000,7.3500,75.0563,3.6208,0.3172,168.7174,-2.0000,0.0000,0,168.7174,52.5000,high
YORK,4,2026-07-24_YORK_4,Raatea,13.0000,6.0000,Good To Firm,Turf,4.0000,9,134,71.3000,8.1000,75.0563,3.6208,0.3172,176.0018,8.0000,-2.0000,0,174.0018,58.7000,high
YORK,4,2026-07-24_YORK_4,Tolstoy (IRE),14.0000,6.0000,Good To Firm,Turf,4.0000,7,130,71.3000,8.8500,75.0563,3.6208,0.3172,169.2861,4.0000,-1.0000,0,168.2861,53.5000,high
YORK,4,2026-07-24_YORK_4,Beattie Is Back,15.0000,6.0000,Good To Firm,Turf,4.0000,7,128,71.3000,9.8500,75.0563,3.6208,0.3172,163.6653,2.0000,-1.0000,0,162.6653,49.6000,high
YORK,4,2026-07-24_YORK_4,Dorney Lake,16.0000,6.0000,Good To Firm,Turf,4.0000,5,123,71.3000,11.1000,75.0563,3.6208,0.3172,154.1392,-3.0000,0.0000,0,154.1392,39.1000,high
YORK,4,2026-07-24_YORK_4,Who Wants Me (IRE),17.0000,6.0000,Good To Firm,Turf,4.0000,4,129,71.3000,11.2000,75.0563,3.6208,0.3172,159.7771,3.0000,0.0000,3,159.7771,43.9000,high
YORK,4,2026-07-24_YORK_4,Grant Wood (IRE),18.0000,6.0000,Good To Firm,Turf,4.0000,7,135,71.3000,12.2000,75.0563,3.6208,0.3172,162.1563,9.0000,-1.0000,0,161.1563,46.4000,high
YORK,4,2026-07-24_YORK_4,Sugar Baby,19.0000,6.0000,Good To Firm,Turf,4.0000,8,127,71.3000,13.4500,75.0563,3.6208,0.3172,149.6302,1.0000,-1.5000,0,148.1302,35.9000,high
YORK,4,2026-07-24_YORK_4,Aberama Gold,20.0000,6.0000,Good To Firm,Turf,4.0000,9,133,71.3000,17.7000,75.0563,3.6208,0.3172,140.6714,7.0000,-2.0000,0,138.6714,26.3000,high
YORK,4,2026-07-24_YORK_4,Alpha Magic,21.0000,6.0000,Good To Firm,Turf,4.0000,4,130,71.3000,34.7000,75.0563,3.6208,0.3172,106.8943,4.0000,0.0000,0,106.8943,19.2000,low
YORK,5,2026-07-24_YORK_5,Miss Justice,0.0000,10.4500,Good To Firm,Turf,1.0000,5,132,132.7900,,134.7264,2.0576,0.3172,,0.0000,0.0000,3,,,high
YORK,5,2026-07-24_YORK_5,Diamond Rain,1.0000,10.4500,Good To Firm,Turf,1.0000,5,132,132.7900,,134.7264,2.0576,0.3172,159.2452,6.0000,0.0000,3,159.2452,82.2000,high
YORK,5,2026-07-24_YORK_5,Regal Charm (IRE),2.0000,10.4500,Good To Firm,Turf,1.0000,4,132,132.7900,4.2500,134.7264,2.0576,0.3172,150.5002,6.0000,0.0000,3,150.5002,76.0000,high
YORK,5,2026-07-24_YORK_5,Estissa,3.0000,10.4500,Good To Firm,Turf,1.0000,3,123,132.7900,5.7500,134.7264,2.0576,0.3172,138.4138,-3.0000,2.4500,3,140.8638,73.5000,high
YORK,5,2026-07-24_YORK_5,On Message,4.0000,10.4500,Good To Firm,Turf,1.0000,3,123,132.7900,6.5000,134.7264,2.0576,0.3172,136.8706,-3.0000,2.4500,3,139.3206,74.0000,high
YORK,5,2026-07-24_YORK_5,Qilin Queen (IRE),5.0000,10.4500,Good To Firm,Turf,1.0000,4,132,132.7900,14.0000,134.7264,2.0576,0.3172,130.4383,6.0000,0.0000,3,130.4383,57.4000,high
YORK,6,2026-07-24_YORK_6,Explosive Finnish,1.0000,5.4045,Good To Firm,Turf,4.0000,3,127,63.7900,,65.8324,3.9830,0.3172,173.4911,1.0000,5.3818,0,178.8730,72.7000,high
YORK,6,2026-07-24_YORK_6,Dolos Dream,2.0000,5.4045,Good To Firm,Turf,4.0000,3,131,63.7900,0.1000,65.8324,3.9830,0.3172,177.0928,5.0000,5.3818,3,182.4747,75.0000,high
YORK,6,2026-07-24_YORK_6,Go Vince Go (IRE),3.0000,5.4045,Good To Firm,Turf,4.0000,3,135,63.7900,4.1000,65.8324,3.9830,0.3172,165.1607,9.0000,5.3818,0,170.5426,65.0000,high
YORK,6,2026-07-24_YORK_6,Kinnalargy,4.0000,5.4045,Good To Firm,Turf,4.0000,3,135,63.7900,5.3500,65.8324,3.9830,0.3172,160.1820,9.0000,5.3818,0,165.5638,59.7000,high
YORK,6,2026-07-24_YORK_6,U S S Charleston,5.0000,5.4045,Good To Firm,Turf,4.0000,3,132,63.7900,6.1000,65.8324,3.9830,0.3172,154.1947,6.0000,5.3818,0,159.5765,56.3000,high
YORK,6,2026-07-24_YORK_6,Anaisa,6.0000,5.4045,Good To Firm,Turf,4.0000,3,136,63.7900,7.3500,65.8324,3.9830,0.3172,153.2159,10.0000,5.3818,3,158.5977,55.3000,high
YORK,6,2026-07-24_YORK_6,Slot,7.0000,5.4045,Good To Firm,Turf,4.0000,3,123,63.7900,7.8500,65.8324,3.9830,0.3172,138.2244,-3.0000,5.3818,3,143.6062,41.7000,high
YORK,6,2026-07-24_YORK_6,Nursia,8.0000,5.4045,Good To Firm,Turf,4.0000,3,135,63.7900,8.8500,65.8324,3.9830,0.3172,146.2414,9.0000,5.3818,0,151.6232,48.2000,high
YORK,6,2026-07-24_YORK_6,Liverpool Star (IRE),9.0000,5.4045,Good To Firm,Turf,4.0000,3,124,63.7900,9.3500,65.8324,3.9830,0.3172,133.2499,-2.0000,5.3818,0,138.6317,34.6000,high
YORK,6,2026-07-24_YORK_6,Bravo Hotel,10.0000,5.4045,Good To Firm,Turf,4.0000,3,127,63.7900,10.1000,65.8324,3.9830,0.3172,133.2626,1.0000,5.3818,0,138.6444,31.7000,high
YORK,6,2026-07-24_YORK_6,Dragon Spin,11.0000,5.4045,Good To Firm,Turf,4.0000,3,124,63.7900,10.8500,65.8324,3.9830,0.3172,127.2754,-2.0000,5.3818,3,132.6572,26.7000,high
YORK,6,2026-07-24_YORK_6,Space Bear (IRE),12.0000,5.4045,Good To Firm,Turf,4.0000,3,131,63.7900,11.8500,65.8324,3.9830,0.3172,130.2923,5.0000,5.3818,3,135.6741,30.8000,high
