std_key,median_time,mean_time,n_races,distance,courseName,surface,divergence,provisional,cross_course_outlier,course_lpl
AGE_1850_Turf,116.15581387397597,111.08257890944616,49,1850,AGE,Turf,0.04367611740927628,True,False,2.167535774382427
AGE_2500_Turf,162.33652212699457,162.7193468380227,40,2500,AGE,Turf,0.002358216783335055,False,False,1.6054342956205085
AIX_1800_Turf,109.75419272765846,109.73632556150963,64,1800,AIX,Turf,0.0001627925613116895,False,False,2.2491509420978546
AIX_2000_Turf,118.0919621988727,117.94797970400654,69,2000,AIX,Turf,0.0012192404308066062,False,False,2.1393414587756436
AIX_2500_Turf,159.44915681856193,159.26506445857373,78,2500,AIX,Turf,0.0011545521071502352,False,False,1.6345061037293303
AMI_1650_Turf,102.82297637795276,102.71539854184523,128,1650,AMI,Turf,0.0010462431637078195,False,False,2.4152637516176325
AMI_2200_Turf,144.35138303893427,144.63918018006368,119,2200,AMI,Turf,0.001993726246819391,False,False,1.7806661107929176
AMI_2900_Turf,195.35409582404975,195.73706837729043,53,2900,AMI,Turf,0.001960401964572118,False,False,1.365729112273164
ANG_1350_Turf,81.2876564299275,81.08998047448532,33,1350,ANG,Turf,0.0024318077814505803,False,False,3.0092061116230657
ANG_1600_Turf,97.53752326413745,97.62688669588613,91,1600,ANG,Turf,0.0009161954164724737,False,False,2.5225431714852298
ANG_2000_Turf,124.52902609396048,126.11641489834548,23,2000,ANG,Turf,0.012747138993821993,False,False,2.028756175203615
ANG_2100_Turf,132.08077532764722,132.18708819169194,69,2100,ANG,Turf,0.00080490793441361,False,False,1.9181506826171184
ANG_2300_Turf,145.78814305700354,145.45368388098717,83,2300,ANG,Turf,0.002294145250794451,False,False,1.7514285273077046
ANG_3000_Turf,197.52613801310025,200.60569661768432,72,3000,ANG,Turf,0.015590638462135192,False,False,1.323860776611089
ARG_1200_Turf,76.71958219674755,84.2409244634023,25,1200,ARG,Turf,0.09803679909734442,True,False,3.092915655148869
ARG_1900_Turf,122.38610208496667,122.76236069922054,22,1900,ARG,Turf,0.003074357364471441,False,False,2.075291682069335
ARG_2100_Turf,133.415330212611,133.23859387091863,66,2100,ARG,Turf,0.0013247078983405734,False,False,1.8989634021186639
ARG_2500_Turf,168.13058866379077,169.32856461292815,67,2500,ARG,Turf,0.007125270652165231,False,True,1.5501082945447562
ARG_2800_Turf,189.67206938147885,190.13775462658884,33,2800,ARG,Turf,0.002455212549895174,False,False,1.3846401286678072
BOR_1200_Turf,67.71818116498292,67.69110384391728,108,1200,BOR,Turf,0.00039985304684539994,False,False,3.5040397239065566
BOR_1550_Turf,92.33032598027519,91.6829881463351,27,1550,BOR,Turf,0.007011107423993911,False,False,2.6169100548751585
BOR_1600_Turf,101.00633084358621,101.06774655179103,79,1600,BOR,Turf,0.0006080382060400255,False,False,2.435912790996656
BOR_1700_Turf,103.34535471225665,103.46334713220159,113,1700,BOR,Turf,0.0011417293043646255,False,False,2.3634491245580227
BOR_1800_Turf,108.90625793062469,108.97339353024168,89,1800,BOR,Turf,0.0006164530936298993,False,False,2.2666626387057844
BOR_2000_Turf,121.1595229315344,120.76705926850825,238,2000,BOR,Turf,0.0032392308382389783,False,False,2.085176836021196
BOR_2100_Turf,126.04773565974709,125.94182763628194,80,2100,BOR,Turf,0.0008402215471052596,False,False,2.009959385856953
BOR_2450_Turf,151.86046055480438,152.66711138675973,26,2450,BOR,Turf,0.005311789711478207,False,False,1.6740271159926385
BOR_2600_Turf,162.45671063576947,162.7016626551575,138,2600,BOR,Turf,0.0015077987140661095,False,False,1.6095172539097196
BOU_1200_Turf,73.78408652797805,73.94529527705097,23,1200,BOU,Turf,0.0021848715171366682,False,False,3.215967127855198
BOU_1400_Turf,88.81061871089484,90.15734245299983,89,1400,BOU,Turf,0.015163994594936598,False,False,2.7183128773753453
BOU_1600_Turf,98.71404118544193,99.55308065210255,213,1600,BOU,Turf,0.008499697272897809,False,False,2.4924783781399618
BOU_1900_Turf,125.12741324869766,126.75700833225417,268,1900,BOU,Turf,0.013023485751420425,False,False,2.0298258636019817
BOU_2400_Turf,157.6981730559561,157.51002384917828,149,2400,BOU,Turf,0.0011930969340465808,False,False,1.6429502532996254
BRA_1350_Turf,80.46681710844385,80.50883680229465,29,1350,BRA,Turf,0.0005221990301191472,False,False,3.039902922950152
BRA_1400_Turf,82.43293434868133,82.39645758982428,41,1400,BRA,Turf,0.00044250224919516315,False,False,2.9286237399768016
BRA_1950_Turf,122.6579697939036,122.93848602044547,108,1950,BRA,Turf,0.0022869792074106656,False,False,2.059320848659939
BRA_2000_Turf,122.18021857935622,121.79100602380352,67,2000,BRA,Turf,0.0031855611332034816,False,False,2.0677572328627405
BRA_2400_Turf,156.70216696730913,157.81695729597868,61,2400,BRA,Turf,0.007114070917105581,False,False,1.6533929197113282
BRA_2500_Turf,163.00066870719687,162.86971997463908,47,2500,BRA,Turf,0.0008033631616138375,False,False,1.5988929500810547
BRI_2400_Turf,163.12,164.72878417112014,56,2400,BRI,Turf,0.009862580744973853,False,False,1.588341425742835
CAG_1300_All Weather,76.57221784776902,76.64505201780003,226,1300,CAG,All Weather,0.0009511827145427679,False,False,3.4065464262902854
CAG_1300_Turf,79.46666008575349,79.88442526994994,32,1300,CAG,Turf,0.005257112652597189,False,False,2.984062347438372
CAG_1500_Turf,91.52742112797097,91.71493319817566,291,1500,CAG,Turf,0.0020486982796392357,False,False,2.6413523437147246
CAG_1600_All Weather,95.24855750417562,95.38319091449068,355,1600,CAG,All Weather,0.001413495530461538,False,False,2.84148003594721
CAG_2000_All Weather,121.72840031359718,121.88213865056301,377,2000,CAG,All Weather,0.0012629619428972101,False,False,2.282975320732888
CAG_2150_Turf,136.8052120014843,137.27463489760675,274,2150,CAG,Turf,0.003431323187579616,False,False,1.883664093964582
CAG_2400_All Weather,149.6903660906023,150.31539539776594,109,2400,CAG,All Weather,0.004175481184843392,False,False,1.9039253236336422
CAG_2400_Turf,156.20136383428104,156.7093434808902,90,2400,CAG,Turf,0.0032520820186185415,False,False,1.658693925630818
CAG_2500_Turf,160.04080676592508,160.18890618361382,70,2500,CAG,Turf,0.0009253853481590491,False,False,1.6284635482725172
CAG_3200_Turf,207.21710355861828,208.28120221553374,34,3200,CAG,Turf,0.005135187388691813,False,False,1.2659976561619932
CAR_1400_Turf,83.77544685424343,83.24551275045036,23,1400,CAR,Turf,0.0063256493840620435,False,False,2.8816921610638837
CAR_1600_Turf,98.78305708066623,98.89115343935596,66,1600,CAR,Turf,0.0010942803541852727,False,False,2.4907369800533035
CAR_1900_Turf,120.23618869370546,120.3961639592163,59,1900,CAR,Turf,0.0013305084538097344,False,False,2.1123994565798836
CAR_2100_Turf,129.10271602413334,128.12590616986517,23,2100,CAR,Turf,0.007566144883315794,False,False,1.9623973620195994
CAV_1600_Turf,95.15426111508789,96.69920291585142,67,1600,CAV,Turf,0.016236180940913794,False,False,2.5857235439613806
CAV_2200_Turf,139.3527982931999,139.72858860832093,68,2200,CAV,Turf,0.0026966829494903285,False,False,1.8445386025381367
CEP_1200_Turf,72.40539673160596,72.70578159211681,66,1200,CEP,Turf,0.004148652919123137,False,False,3.277203185729135
CEP_1400_Turf,83.86147094302605,84.79549486652218,119,1400,CEP,Turf,0.011137700221484144,False,False,2.8787361558862976
CEP_1600_Turf,97.05440716647644,97.90921640596513,264,1600,CEP,Turf,0.008807526257127534,False,False,2.5350998523075545
CEP_2000_Turf,125.77698047004463,127.10987659712613,278,2000,CEP,Turf,0.010597297868817444,False,False,2.0086269342456
CEP_2100_Turf,133.5422064145391,134.20850800654313,221,2100,CEP,Turf,0.004989445733251643,False,False,1.8971592289622512
CEP_2200_Turf,141.79408897901484,141.24625998391812,23,2200,CEP,Turf,0.0038635531215818145,False,False,1.8127808971046693
CEP_2400_Turf,149.40049113548574,149.53014497790355,297,2400,CEP,Turf,0.0008678274176503964,False,False,1.7341994755038121
CEP_3000_Turf,197.24090080359272,197.70895251895845,31,3000,CEP,Turf,0.0023729952228914502,False,False,1.3257752596222625
CHA_1000_Turf,56.19345386088103,56.10016661911088,34,1000,CHA,Turf,0.001660108702360626,False,False,4.028038131217518
CHA_1100_Turf,62.16251455872703,63.14653439879609,62,1100,CHA,Turf,0.01582979464480033,False,False,3.6815771667071475
CHA_1200_Turf,68.99292811050951,69.02799212439506,236,1200,CHA,Turf,0.0005082262029723038,False,False,3.439297379185384
CHA_1300_All Weather,76.9229188603334,76.96370920142492,314,1300,CHA,All Weather,0.0005302755238082456,False,False,3.3910155637236077
CHA_1400_All Weather,84.53048619335596,84.58279615261701,198,1400,CHA,All Weather,0.0006188295089347731,False,False,3.141547686488045
CHA_1400_Turf,84.7767754784784,84.93937526007778,36,1400,CHA,Turf,0.0019179755384853086,False,False,2.8476554708168083
CHA_1500_All Weather,89.64299394089127,89.74179441561581,87,1500,CHA,All Weather,0.0011021550082283978,False,False,2.966565187647946
CHA_1600_All Weather,97.37838058549471,97.44701638439184,653,1600,CHA,All Weather,0.0007048361092519301,False,False,2.779332260134134
CHA_1600_Turf,97.08957368965244,97.46168660236074,315,1600,CHA,Turf,0.0038326763479028646,False,False,2.534181621396431
CHA_1800_All Weather,110.05998367036507,110.2584854045079,131,1800,CHA,All Weather,0.0018035777175594125,False,False,2.467192084846528
CHA_1800_Turf,109.2923880507082,109.45558533283997,124,1800,CHA,Turf,0.0014932172774563004,False,False,2.258654517257599
CHA_1900_All Weather,116.12741805356717,116.35520756153757,738,1900,CHA,All Weather,0.0019615480287809807,False,False,2.405853417792575
CHA_2000_Turf,123.75354504240688,123.98040252326896,208,2000,CHA,Turf,0.0018331392509551307,False,False,2.041469039077968
CHA_2100_All Weather,132.16391877151722,132.25614993181316,180,2100,CHA,All Weather,0.0006978543096575848,False,False,2.108638385432902
CHA_2100_Turf,127.48694751344456,127.05041003311274,71,2100,CHA,Turf,0.0034241739162025613,False,False,1.9872687698370595
CHA_2200_Turf,137.32282339707535,137.62941223909843,33,2200,CHA,Turf,0.002232613883393287,False,False,1.8718054979125354
CHA_2400_Turf,149.52739397610264,149.66253073094927,174,2400,CHA,Turf,0.00090375917919244,False,False,1.7327276726870455
CHA_2700_All Weather,174.98452021248542,175.48609119410602,205,2700,CHA,All Weather,0.0028663734426996176,False,False,1.652009562137828
CHA_3000_Turf,191.17180448238088,191.1358067493703,53,3000,CHA,Turf,0.00018830043011864157,False,False,1.3678644043719983
CHA_3200_All Weather,208.1983678729752,208.60102168827962,75,3200,CHA,All Weather,0.0019339912191341923,False,False,1.3860339401898543
CHB_1950_Turf,119.37228465759962,119.57361490467292,163,1950,CHB,Turf,0.001686574464506436,False,False,2.116003016742178
CHB_2600_Turf,169.88868872451548,170.200380829363,63,2600,CHB,Turf,0.0018346842699631684,False,False,1.5391070514746852
CHB_2650_Turf,172.2101017621149,172.03831706217005,62,2650,CHB,Turf,0.000997529751083642,False,False,1.5182490566037736
CHO_1350_Turf,80.5623944368279,80.44105148968039,28,1350,CHO,Turf,0.0015061983695464842,False,False,3.036296453679303
CHO_1900_Turf,117.58721339546362,117.5738212920197,35,1900,CHO,Turf,0.0001138908139516841,False,False,2.159987062569664
CHO_2100_Turf,131.7719119343037,134.0016189519493,47,2100,CHO,Turf,0.016920958229377846,False,False,1.9226466827136544
CHO_2950_Turf,197.1086089238845,196.59034600499453,35,2950,CHO,Turf,0.0026293266525467002,False,False,1.3477539826017457
CLA_1400_Turf,82.5511555561498,82.57456639950578,92,1400,CLA,Turf,0.0002835919521449462,False,False,2.9244296686469897
CLA_1600_Turf,96.2993962531543,96.30177377505446,217,1600,CLA,Turf,2.4688855721459984e-05,False,False,2.5549756576534355
CLA_1800_Turf,108.13708245941875,108.12230937852361,160,1800,CLA,Turf,0.00013661438388337676,False,False,2.2827853346722278
CLA_2200_Turf,138.1924230625018,138.61226107615119,148,2200,CLA,Turf,0.0030380682554462315,False,False,1.8600268388612218
CLA_2400_Turf,151.21055961943694,151.5386650007083,307,2400,CLA,Turf,0.0021698575952442635,False,False,1.7134402122394319
CLA_2900_Turf,190.5932232683208,190.7781977608945,91,2900,CLA,Turf,0.0009705197771554066,False,False,1.3998439781518301
COM_1400_Turf,83.74258654252867,83.60296754427291,203,1400,COM,Turf,0.0016672400987381773,False,False,2.8828229274587147
COM_1600_Turf,96.26232258157812,96.22461814422992,334,1600,COM,Turf,0.0003916842679153481,False,False,2.5559596597622223
COM_1800_Turf,108.31323258366518,108.30913598254769,156,1800,COM,Turf,3.782179720590937e-05,False,False,2.2790728342626414
COM_2000_Turf,125.39902809411221,125.29869173700025,339,2000,COM,Turf,0.0008001366409048546,False,False,2.0146809311042535
COM_2400_Turf,158.52802057910196,158.74275736805959,260,2400,COM,Turf,0.0013545667710553046,False,False,1.6343498923453155
COM_2800_Turf,183.0803242156714,183.72730001122684,83,2800,COM,Turf,0.0035338357539355303,False,False,1.4344936282922507
CRA_1650_Turf,103.00604727364336,102.83794936746716,56,1650,CRA,Turf,0.0016319226941078073,False,False,2.410971144435425
CRA_2200_Turf,138.92624078906562,139.19416420942065,50,2200,CRA,Turf,0.0019285299798892962,False,False,1.8502020522803104
CRA_2400_Turf,153.66285254115962,153.96856436277838,127,2400,CRA,Turf,0.0019894972438889913,False,False,1.6860955597435119
CRA_3000_Turf,201.01512782142044,201.6169987362757,34,3000,CRA,Turf,0.002994157312329,False,False,1.300882721141879
CRO_1100_Turf,64.65228174740864,64.58614439024583,167,1100,CRO,Turf,0.0010229701933985149,False,False,3.539799184793396
CRO_1800_Turf,112.05625795535889,112.48082188648995,238,1800,CRO,Turf,0.0037888462356131815,False,False,2.2029447571856666
CRO_2500_Turf,161.6697731351022,161.9386789164525,170,2500,CRO,Turf,0.0016633027691922507,False,False,1.6120553335387093
CRO_3200_Turf,211.76728062297997,212.59449873953866,25,3200,CRO,Turf,0.003906260278382832,False,False,1.2387955620440654
DAX_1400_Turf,82.91723037461227,83.73395399821406,179,1400,DAX,Turf,0.009849866184771341,False,False,2.911518479317347
DAX_2100_Turf,133.24560462150555,133.96802341712151,173,2100,DAX,Turf,0.0054217082632335364,False,False,1.9013822637901447
DAX_2300_Turf,146.15023835404412,146.80241056919942,182,2300,DAX,Turf,0.0044623410984485565,False,False,1.7470892662843691
DAX_3000_Turf,190.82099979844418,191.12665013200322,34,3000,DAX,Turf,0.0016017646584070332,False,False,1.3703790816902748
DEA_1000_Turf,56.309053461120385,56.12003736333603,35,1000,DEA,Turf,0.003356762122006956,False,False,4.019768775419537
DEA_1100_Turf,62.876977599890026,62.7761881852168,20,1100,DEA,Turf,0.0016029621416376563,False,False,3.639743877016606
DEA_1200_Turf,68.65372994805243,68.49072554969099,126,1200,DEA,Turf,0.002374297776461324,False,False,3.4562899497572355
DEA_1300_All Weather,76.57570792287328,76.62427993885645,494,1300,DEA,All Weather,0.0006343005804411257,False,False,3.4063911668327322
DEA_1300_Turf,75.11475499692187,74.99275527124982,27,1300,DEA,Turf,0.0016241779085487806,False,False,3.156949233852899
DEA_1400_All Weather,82.13863830262844,82.05806356986056,98,1400,DEA,All Weather,0.0009809601721300174,False,False,3.233028436142814
DEA_1400_Turf,82.23180569916134,82.25747292478042,72,1400,DEA,Turf,0.0003121325793692956,False,False,2.9357867851363424
DEA_1500_All Weather,87.69428008217199,87.8259775993797,534,1500,DEA,All Weather,0.0015017800144354674,False,False,3.032487237393344
DEA_1600_Turf,96.9132132347093,98.38410231619044,223,1600,DEA,Turf,0.015177384304850767,False,False,2.5387932673086926
DEA_1900_All Weather,116.98579873538536,117.15312162435853,1067,1900,DEA,All Weather,0.0014302837676190819,False,False,2.3882005221467484
DEA_2000_Turf,125.78941869482223,126.46002047295481,207,2000,DEA,Turf,0.005331146173427557,False,False,2.0084283185467457
DEA_2500_All Weather,159.77857676881297,160.03351126414233,514,2500,DEA,All Weather,0.0015955486679433606,False,False,1.7942498165738794
DEA_2500_Turf,161.00922492642965,160.92753957773047,123,2500,DEA,Turf,0.0005073333452571209,False,False,1.6186688692745443
DEA_3000_Turf,191.52412804223337,192.06818196485915,61,3000,DEA,Turf,0.0028406547424970285,False,False,1.365348111196459
DEA_3200_Turf,205.1449321959755,204.7270894179478,25,3200,DEA,Turf,0.002036817451715251,False,False,1.2787855133134711
DEA_3400_All Weather,219.5823179216226,220.49076370238126,44,3400,DEA,All Weather,0.004137153616726616,False,False,1.3203367081579285
DIE_1100_Turf,62.326217632418036,62.44481998898247,106,1100,DIE,Turf,0.0019029288326771238,False,False,3.6719073115303886
DIE_1400_Turf,81.74227159512202,81.43225779380774,55,1400,DIE,Turf,0.003792576292102751,False,False,2.9533684809403282
DIE_1800_Turf,110.99869571701265,111.16891964279351,95,1800,DIE,Turf,0.0015335669007754832,False,False,2.223933753257314
DIE_2200_Turf,143.54152395037818,144.02331972112188,56,2200,DIE,Turf,0.0033564905644324697,False,False,1.7907126018278599
DIE_2400_Turf,156.64455407944757,157.16613548218288,90,2400,DIE,Turf,0.0033297129657681554,False,False,1.6540010272924324
DIE_3000_Turf,195.68126721763085,197.0710858142932,59,3000,DIE,Turf,0.007102461142162632,False,False,1.3363420535302584
EVX_1200_Turf,69.82564694909004,69.93528670854187,24,1200,EVX,Turf,0.0015701932490759759,False,False,3.398281393737853
EVX_1800_Turf,112.68847042363507,111.12675959665518,40,1800,EVX,Turf,0.013858656711808028,False,False,2.190585647711728
EVX_2100_Turf,129.23097112860893,125.16651865604398,26,2100,EVX,Turf,0.03145107118726256,True,False,1.9604497833819836
EVX_2500_Turf,163.16430303262302,154.7641281259826,43,2500,EVX,Turf,0.05148292089943771,True,False,1.5972894512491878
FON_1100_Turf,60.95408721230946,60.9035383063958,56,1100,FON,Turf,0.0008292947729262319,False,False,3.7545651930998547
FON_1200_Turf,66.8847008620279,66.82655217363802,207,1200,FON,Turf,0.000869386984473905,False,False,3.547705136968248
FON_1400_Turf,85.8681702482676,85.98661139499578,65,1400,FON,Turf,0.0013793370277453067,False,False,2.8114614273426635
FON_1600_Turf,98.57599388855795,98.7275334218218,114,1600,FON,Turf,0.0015372863847071727,False,False,2.4959688821569235
FON_1800_Turf,111.26375760934218,111.60669406439926,69,1800,FON,Turf,0.0030821937208086064,False,False,2.218635711004206
FON_2000_Turf,120.69395298728155,120.79846794388624,170,2000,FON,Turf,0.0008659502321189392,False,False,2.093220285086171
FON_2200_Turf,136.21977353792312,136.52164514094653,112,2200,FON,Turf,0.0022160630221527604,False,False,1.886962583680689
FON_2600_Turf,164.4908708379428,165.0668843085167,121,2600,FON,Turf,0.0035017959819873727,False,False,1.5896133168344515
FON_3000_Turf,186.86964263718755,188.6560530172867,106,3000,FON,Turf,0.009559660707263756,False,False,1.3993557368690202
HYE_1850_Turf,116.69,116.21992338758191,74,1850,HYE,Turf,0.004028422421956321,False,False,2.157613180001282
HYE_2500_Turf,160.29864749860812,161.17528505733793,64,2500,HYE,Turf,0.005468777013464342,False,False,1.6258441610163776
LAT_1100_Turf,61.4595231326615,61.369875858053206,35,1100,LAT,Turf,0.001458639280600845,False,False,3.7236880886713033
LAT_1200_Turf,71.11366222300725,71.3133666389068,31,1200,LAT,Turf,0.002808242602852993,False,False,3.336731500181859
LAT_1400_Turf,84.20807799541586,85.89077027841871,67,1400,LAT,Turf,0.01998255182946289,False,False,2.8668870521262755
LAT_1600_Turf,99.49684852039637,100.10526399398373,290,1600,LAT,Turf,0.006114922056678354,False,False,2.4728684067123403
LAT_1800_Turf,109.70974677881175,110.19922776205338,94,1800,LAT,Turf,0.004461599790477028,False,False,2.2500621250205763
LAT_1900_Turf,121.37037315861141,120.68061889820761,274,1900,LAT,Turf,0.005683052976218547,False,False,2.0926594608545868
LAT_2000_Turf,120.84066883400939,122.4612079707475,146,2000,LAT,Turf,0.013410544251158747,False,False,2.0906788510683225
LAT_2200_Turf,141.73088046988462,141.98218468593882,40,2200,LAT,Turf,0.0017731084095508184,False,False,1.8135893530848042
LAT_2400_Turf,154.00723276067762,154.26744725504213,176,2400,LAT,Turf,0.001689625153961889,False,False,1.6823252305934833
LIG_2400_Turf,166.2,166.95478468740603,31,2400,LIG,Turf,0.004541424111949723,False,True,1.5589064582862293
LIS_2600_Turf,178.1457214863406,183.79774624474152,25,2600,LIS,Turf,0.031726974474850345,True,False,1.4677696247773115
LLA_1400_Turf,83.47815136194491,83.46548843728264,184,1400,LLA,Turf,0.00015169148400713423,False,False,2.891954895392555
LLA_2000_Turf,129.85619263501152,129.99594917961335,165,2000,LLA,Turf,0.0010762408920661868,False,False,1.9455293240447162
LLA_2300_Turf,146.09402014273834,146.8970353389619,43,2300,LLA,Turf,0.005496564441439728,False,False,1.7477615609713524
LLA_2400_Turf,151.52237768763752,152.323520054177,136,2400,LLA,Turf,0.005287287453943236,False,False,1.709914121736423
LLA_3000_Turf,198.74745027833163,199.42593439819382,79,3000,LLA,Turf,0.003413800372845145,False,False,1.31572559096886
LON_1000_Turf,55.245281389018956,55.04532285639567,42,1000,LON,Turf,0.0036194680811786075,False,False,4.097171182504509
LON_1300_Turf,73.1878870897617,73.06934422393785,46,1300,LON,Turf,0.0016197060816698725,False,False,3.2400644104911382
LON_1400_Turf,79.58330784551552,79.57330305239782,323,1400,LON,Turf,0.0001257147181808855,False,False,3.033488491809415
LON_1600_Turf,98.30878523899983,98.25816569621409,386,1600,LON,Turf,0.0005149035527463527,False,False,2.502753061950406
LON_1700_Turf,105.47896049749664,105.5134828454298,31,1700,LON,Turf,0.0003272913173426804,False,False,2.315641782681563
LON_1800_Turf,111.07215468211102,111.35913142657101,97,1800,LON,Turf,0.0025836965644658663,False,False,2.222462926726316
LON_1850_Turf,113.3665564212144,113.65474208846138,72,1850,LON,Turf,0.002542069516306218,False,False,2.2208655702559144
LON_1950_Turf,122.03128068439759,121.9670640744835,41,1950,LON,Turf,0.0005262307299729438,False,False,2.069896448142268
LON_2000_Turf,125.48571538216814,126.06989876593245,335,2000,LON,Turf,0.004655377562180486,False,False,2.0132891613264463
LON_2100_Turf,131.46090961400805,131.62182472447407,136,2100,LON,Turf,0.0012240529214235314,False,False,1.927195164701101
LON_2200_Turf,138.10584910809848,137.95766524173914,70,2200,LON,Turf,0.0010729731384755447,False,False,1.8611928277007708
LON_2250_Turf,143.74295074266283,143.6806305566425,35,2250,LON,Turf,0.00043355298954370715,False,False,1.78816
LON_2400_Turf,151.4695107753306,151.73523360763414,269,2400,LON,Turf,0.0017542991387730542,False,False,1.710510927519075
LON_2500_Turf,161.30912739729848,161.91621191477194,32,2500,LON,Turf,0.003763485224107784,False,False,1.6156594748202662
LON_2800_Turf,179.99724712407723,179.9972819907989,68,2800,LON,Turf,1.937069718234528e-07,False,False,1.4590643065336628
LON_3000_Turf,193.28752377543717,193.53654790168704,48,3000,LON,Turf,0.0012883610974249765,False,False,1.3528918026536534
LON_3100_Turf,198.84332974325181,199.77334799127027,49,3100,LON,Turf,0.004677140788274384,False,False,1.3125399495778047
LSO_1950_Turf,124.26,124.03582377077711,69,1950,LSO,Turf,0.0018040900468605445,False,False,2.0327709194502397
LSO_2700_Turf,178.3595468923028,178.81031944216724,103,2700,LSO,Turf,0.002527325044936478,False,False,1.4734084027762193
LYO_1350_Turf,83.31596727158848,83.30688630798655,91,1350,LYO,Turf,0.00010899427683927581,False,False,2.9359475805049975
LYO_1600_Turf,98.54634176296227,98.47321714391069,338,1600,LYO,Turf,0.0007420328116032259,False,False,2.4967199073238913
LYO_2000_Turf,131.08678493958917,131.46932994430398,175,2000,LYO,Turf,0.0029182575870718634,False,False,1.9272654432454206
LYO_2200_Turf,139.67637876040033,140.21713763006582,229,2200,LYO,Turf,0.003871512667099629,False,False,1.8402654629559432
LYO_2400_Turf,154.6135923877284,154.7223850595769,299,2400,LYO,Turf,0.0007036423523210231,False,False,1.675727530587635
LYO_3150_Turf,210.13510251559464,212.55899407733838,45,3150,LYO,Turf,0.01153491983360496,False,False,1.2772571428571429
MAI_1100_Turf,63.06120903921101,63.05744509105182,27,1100,MAI,Turf,5.9687218442785825e-05,False,False,3.629110473955692
MAI_1200_Turf,69.8001625933122,70.0032367247932,152,1200,MAI,Turf,0.00290936473406525,False,False,3.3995221216796465
MAI_1300_Turf,76.69629291110802,76.81577797308107,21,1300,MAI,Turf,0.0015578987906434585,False,False,3.0918504563632747
MAI_1400_Turf,83.9561012788462,84.02847280044223,51,1400,MAI,Turf,0.0008620162262615732,False,False,2.8754914153014015
MAI_1600_Turf,97.34014405244665,97.67845760838024,164,1600,MAI,Turf,0.0034755810074753217,False,False,2.5276581996936898
MAI_1800_Turf,111.26799775028121,112.21753653773969,31,1800,MAI,Turf,0.008533799534970778,False,False,2.218551164429295
MAI_2000_Turf,124.86389207651986,124.89969520976591,79,2000,MAI,Turf,0.0002867372836985359,False,False,2.0233153594586866
MAI_2100_Turf,130.6186270102514,130.43981047073743,80,2100,MAI,Turf,0.0013689972372771925,False,False,1.9396225113853087
MAI_2400_Turf,153.0916560144131,153.11327522838187,89,2400,MAI,Turf,0.0001412174545079499,False,False,1.69238650957423
MAI_2500_Turf,159.46863138162024,159.37097265538455,39,2500,MAI,Turf,0.000612400855200095,False,False,1.6343064952426296
MAL_2350_Turf,152.28899079804688,150.0290157200285,36,2350,MAL,Turf,0.014840042383729355,False,False,1.7010448949781587
MAL_2950_Turf,194.52034059691192,194.77360069843874,23,2950,MAL,Turf,0.00130197233230035,False,False,1.3656870631989462
MAN_1400_Turf,83.59304833402949,83.41267697696338,83,1400,MAN,Turf,0.0021577315418066997,False,False,2.8879799612621704
MAN_1600_Turf,96.04276248648193,95.88003250248035,22,1600,MAN,Turf,0.0016943492647297695,False,False,2.5618027522705034
MAN_1950_Turf,123.8374412110764,123.82525084421347,116,1950,MAN,Turf,9.843845886759217e-05,False,False,2.0397071514127356
MAN_2300_Turf,145.10113021472458,144.96015898557238,97,2300,MAN,Turf,0.000971537774678852,False,False,1.7597210463860429
MAN_3200_Turf,207.3589637770081,207.47976755967028,36,3200,MAN,Turf,0.0005825828816933909,False,False,1.2651315508308665
MAR_1200_Turf,72.81583567095055,72.62127931134792,25,1200,MAR,Turf,0.0026718962683037104,False,False,3.2587306682173436
MAR_1400_Turf,85.51671393632614,85.83747480505767,97,1400,MAR,Turf,0.0037508558732782605,False,False,2.8230159623445026
MAR_1600_Turf,95.13735266674259,96.73990831913511,65,1600,MAR,Turf,0.016844652573065912,False,False,2.5861830960905157
MAR_2000_Turf,132.8702073135519,134.01222513077542,159,2000,MAR,Turf,0.008594987848017302,False,False,1.9013971287335147
MAR_2100_Turf,140.48770579813888,139.76746870120837,27,2100,MAR,Turf,0.005126691284754719,False,True,1.8033665502329035
MAR_2150_Turf,141.53598754701116,141.68614963616957,27,2150,MAR,Turf,0.0010609463484227825,False,False,1.8207034845382706
MAR_2200_Turf,146.79294417743236,147.5236104288066,28,2200,MAR,Turf,0.004977529781615772,False,False,1.7510488481845903
MAR_2400_Turf,158.07387533924523,157.8047910399129,96,2400,MAR,Turf,0.0017022692633734285,False,False,1.639045369205588
MAR_2450_Turf,157.74911730991013,157.51073093341452,67,2450,MAR,Turf,0.0015111740753977318,False,False,1.611536933778472
MOU_1400_Turf,86.83104831005292,87.19697935722903,45,1400,MOU,Turf,0.004214288025977209,False,False,2.7802848541855885
MOU_2200_Turf,141.95319057340055,142.11803130662372,44,2200,MOU,Turf,0.0011612330272910462,False,False,1.8107491264214157
MOU_2400_Turf,164.1905141118724,164.94395570946693,92,2400,MOU,Turf,0.004588825375631432,False,False,1.5779855174254356
MOU_2800_Turf,183.12443057898557,182.63692420647024,33,2800,MOU,Turf,0.002662159117568175,False,False,1.434148123888817
PAU_1200_All Weather,69.68103078024338,70.29342193143947,22,1200,PAU,All Weather,0.00878849156418799,False,False,3.7458676140894114
PAU_1400_All Weather,83.66953591028394,83.75021662693274,50,1400,PAU,All Weather,0.000964278285651198,False,False,3.1738738651926366
PAU_1500_All Weather,92.14182682921945,92.13897636487225,116,1500,PAU,All Weather,3.0935617897916306e-05,False,False,2.886113660785952
PAU_1600_All Weather,94.70804104032452,95.07412671917514,177,1600,PAU,All Weather,0.0038654128501586556,False,False,2.857696892765943
PAU_1950_All Weather,122.38323192555475,122.64176201521498,113,1950,PAU,All Weather,0.002112463330086667,False,False,2.270338195227524
PAU_2000_All Weather,123.77076558611992,124.62020901473011,247,2000,PAU,All Weather,0.006863037685738011,False,False,2.2453035046864165
PAU_2400_All Weather,151.6,152.2931755847588,209,2400,PAU,All Weather,0.0045723983163510505,False,False,1.8799424716615334
PET_1600_Turf,98.08710419189158,97.84965183269965,209,1600,PET,Turf,0.0024208315776903452,False,False,2.508409390822559
PET_2200_Turf,140.68126148293962,140.83809322939183,42,2200,PET,Turf,0.001114801962955325,False,False,1.8271204929072178
PET_2400_Turf,154.2177141493677,154.46625568158927,249,2400,PET,Turf,0.0016116276498615502,False,False,1.6800291380031036
PET_3100_Turf,201.51261870422803,201.2896604462929,34,3100,PET,Turf,0.0011064233067328048,False,False,1.2951537014074574
PLB_1700_All Weather,101.03324869192487,101.06373385635435,431,1700,PLB,All Weather,0.00030173398187398,False,False,2.659289297459536
PLB_2100_All Weather,130.3302399099317,130.47497763302667,388,2100,PLB,All Weather,0.0011105459730220853,False,False,2.138305833576696
PLB_2400_All Weather,149.88881711754829,150.00454142041556,334,2400,PLB,All Weather,0.0007720676238076044,False,False,1.9014045489489824
PLB_3100_All Weather,199.1650132436654,199.5369574353937,147,3100,PLB,All Weather,0.001867517721464662,False,False,1.441461985310468
PON_1500_All Weather,89.01969064662372,89.00225837999504,645,1500,PON,All Weather,0.00019582483944899332,False,False,2.987336657877612
PON_2000_All Weather,127.84731616589885,128.01471786410187,590,2000,PON,All Weather,0.001309387660401072,False,False,2.1737095629572702
PON_2000_Turf,127.74772210291896,128.06074414759422,51,2000,PON,Turf,0.0024503140997150677,False,False,1.9776401999299662
PON_2600_All Weather,167.95390999472176,168.40640176037348,336,2600,PON,All Weather,0.0026941424922227127,False,False,1.7125208140072334
S-M_1800_Turf,111.65677817970983,111.17779441862282,136,1800,S-M,Turf,0.0042897866918217105,False,False,2.2108263376119925
S-M_2500_Turf,164.23252121893856,164.9438971044786,107,2500,S-M,Turf,0.00433151656115478,False,False,1.5869001956500504
SAI_1200_Turf,72.73064681005079,72.4692967637676,29,1200,SAI,Turf,0.003593396425660101,False,False,3.2625475949982863
SAI_1300_Turf,79.59397045007273,79.55590627419738,36,1300,SAI,Turf,0.0004782293892377824,False,False,2.97928934689002
SAI_1400_Turf,86.03559501654765,86.05813851744291,183,1400,SAI,Turf,0.0002620252802451281,False,False,2.805990339731651
SAI_1500_Turf,93.16853495585778,93.16818946397483,22,1500,SAI,Turf,3.7082463850804067e-06,False,False,2.594826337293724
SAI_1600_Turf,100.75648080943576,100.63724711425736,629,1600,SAI,Turf,0.0011833848723230536,False,False,2.4419532252111966
SAI_2000_Turf,128.0205087545875,128.5057666105596,403,2000,SAI,Turf,0.00379046967312341,False,False,1.9734262356707073
SAI_2100_Turf,133.9433506865361,133.87262091572154,437,2100,SAI,Turf,0.0005280573500067108,False,False,1.8914774645904946
SAI_2400_Turf,154.8936926034784,155.00451577568833,447,2400,SAI,Turf,0.0007154789220090205,False,False,1.6726972481083002
SAI_2500_Turf,163.30148722609908,163.503432962469,141,2500,SAI,Turf,0.0012366435835964161,False,False,1.5959476210623382
SAI_2800_Turf,184.99887407314841,185.5052712819312,61,2800,SAI,Turf,0.0027372988690868632,False,False,1.4196170645299029
SAI_3000_Turf,198.77836444395498,199.50115698934994,62,3000,SAI,Turf,0.003636173118824216,False,False,1.315520968303069
SAI_3100_Turf,204.89975870899985,205.0301204022038,82,3100,SAI,Turf,0.0006362217995048613,False,False,1.2737438815911453
SAL_1100_Turf,63.46310596118666,63.37567396493765,60,1100,SAL,Turf,0.0013776822757853777,False,False,3.60612817097978
SAL_1800_Turf,108.75446691330706,108.84452121019694,117,1800,SAL,Turf,0.0008280514763745309,False,False,2.2698262699350127
SAL_2000_Turf,121.93599592922784,122.14286517100683,142,2000,SAL,Turf,0.0016965395673567696,False,False,2.071898693695397
SAL_2400_Turf,152.77594576170142,152.77144171516744,125,2400,SAL,Turf,2.9481385381219153e-05,False,False,1.6958838125688842
SEN_1350_Turf,84.75210658468217,84.53313812217954,32,1350,SEN,Turf,0.0025836344526002134,False,False,2.886197433736285
SEN_2100_Turf,133.6763188643366,133.49966722106598,52,2100,SEN,Turf,0.0013214879402079769,False,False,1.895255880081809
SEN_2300_Turf,146.6612132953078,147.07175853482696,50,2300,SEN,Turf,0.002799276170534047,False,False,1.7410023206280252
STR_1400_Turf,85.46282622880494,85.6562772768444,111,1400,STR,Turf,0.0022635695140896424,False,False,2.8247959860720027
STR_2000_Turf,130.6003954051198,130.58165071947113,113,2000,STR,Turf,0.00014352702065353263,False,False,1.9344430765047322
STR_2100_Turf,136.11705085301838,135.13621289048265,86,2100,STR,Turf,0.007205842004282452,False,False,1.8612718081065207
STR_2350_Turf,150.32795838980826,150.51512264075953,130,2350,STR,Turf,0.0012450395319408448,False,False,1.72323507305715
STR_3000_Turf,200.89595527831747,201.4656455021303,47,3000,STR,Turf,0.002835747603895634,False,False,1.301654411651737
TAR_1500_Turf,88.43140415871929,89.34565228805653,101,1500,TAR,Turf,0.010338500649569229,False,False,2.7338270901660637
TAR_2100_Turf,131.7958500286541,132.4422251169459,132,2100,TAR,Turf,0.00490436601874254,False,False,1.9222974721908397
TAR_2300_Turf,143.09498812648417,143.16146133101975,140,2300,TAR,Turf,0.00046453901290258,False,False,1.7843917249397676
TOU_1300_Turf,76.85839787072072,78.39296860435886,38,1300,TOU,Turf,0.019966207677388107,False,False,3.0853293173954763
TOU_2100_Turf,133.5746769634565,133.65988498353306,52,2100,TOU,Turf,0.0006379054923700936,False,False,1.8966980502197786
TOU_2700_Turf,176.5482532027885,176.66733306303996,20,2700,TOU,Turf,0.000674489031135845,False,False,1.4885248102943414
VIC_1000_Turf,57.32564336942027,57.142820592921176,83,1000,VIC,Turf,0.003189197115869073,False,False,3.9484838123453954
VIC_1400_Turf,84.39831434820647,84.45163970853794,101,1400,VIC,Turf,0.0006318296845534535,False,False,2.860425002014599
VIC_1600_Turf,98.3301349913385,98.30121630021235,273,1600,VIC,Turf,0.000294097950020086,False,False,2.502209656228018
VIC_1850_Turf,116.86126134855687,116.09927692209514,67,1850,VIC,Turf,0.006520419321754417,False,False,2.154451176283309
VIC_2000_Turf,125.40075650925866,128.87038415578206,327,2000,VIC,Turf,0.02766831511313279,False,False,2.0146531624915793
VIC_2400_Turf,151.3434857812195,151.87467430680144,309,2400,VIC,Turf,0.0035098208742847343,False,False,1.7119352843617552
VIC_2600_Turf,170.90310576581967,172.56580889059347,23,2600,VIC,Turf,0.00972892281461591,False,False,1.5299714865333038
VIC_2800_Turf,175.10019068596398,175.85081738988643,28,2800,VIC,Turf,0.004286841156379276,False,False,1.4998702030203572
VIC_3000_Turf,191.68922154617036,191.4286972185484,31,3000,VIC,Turf,0.0013590974261388782,False,False,1.3641721968599456
VIL_1800_All Weather,111.66600930565498,111.84658794286614,401,1800,VIL,All Weather,0.0016171316440338724,False,False,2.431707932058351
VIL_2150_All Weather,134.77946921043605,134.97578499303793,380,2150,VIL,All Weather,0.001456570379390431,False,False,2.1031732351109493
VIL_2400_All Weather,154.58916605249445,154.45663306614873,298,2400,VIL,All Weather,0.0008573238974632802,False,False,1.843591539960246
VIL_3200_All Weather,212.21679946415261,212.15127708418194,50,3200,VIL,All Weather,0.0003087520881292962,False,False,1.3597886920013673
VIT_1600_Turf,99.50730829100908,99.73497279205671,33,1600,VIT,Turf,0.0022879173897642022,False,False,2.472608469661145
VIT_2100_Turf,133.27121689334288,133.0245388455609,55,2100,VIT,Turf,0.0018509476654617826,False,False,1.9010168531595368
VIT_2400_Turf,148.39306406640398,148.5234881750374,34,2400,VIT,Turf,0.000878909735127801,False,False,1.7459727986426088
AGE_1200_Turf,70.54542530870366,73.07630547984333,18,1200,AGE,Turf,0.03587589358295951,True,False,3.3636085656078007
AGL_2200_Turf,139.639410060835,137.78597124829344,10,2200,AGL,Turf,0.013273035253687263,False,False,1.8407526622429558
AIX_1200_Turf,69.67964059912325,69.6391899483459,19,1200,AIX,Turf,0.0005805232407851104,False,False,3.4054021345768346
ARG_1300_Turf,77.80974877246743,78.28955952988588,19,1300,ARG,Turf,0.006166460694038727,False,False,3.0476061416418445
ARG_2900_Turf,192.88507144139427,193.0980593728591,17,2900,ARG,Turf,0.001104221959082703,False,False,1.3832111208760405
BRA_2950_Turf,192.71774757763873,192.71297236060929,18,2950,BRA,Turf,2.4778294108712125e-05,False,False,1.3784610707700047
BRA_3000_Turf,193.0588879159169,191.9490011263952,12,3000,BRA,Turf,0.005748954640229253,False,False,1.3544940059164856
BRI_1700_Turf,103.74150162491608,104.83912773912601,19,1700,BRI,Turf,0.010580395473534464,False,False,2.3544240665122422
CAV_2900_Turf,188.1705295783935,184.75963041592186,12,2900,CAV,Turf,0.01812663848113708,False,False,1.4178669553967245
CHA_1700_All Weather,102.42178496540276,102.20838265716516,15,1700,CHA,All Weather,0.0020835636511284212,False,False,2.6232372051000694
CHA_3000_All Weather,195.2493804567204,194.3648066722399,11,3000,CHA,All Weather,0.004530481901716312,False,False,1.4732278097131992
CLA_3400_Turf,221.6989616441339,223.75592819210672,11,3400,CLA,Turf,0.009278196581157722,False,False,1.1888463226490802
CRA_1300_Turf,74.42950494644413,72.55735893793447,14,1300,CRA,Turf,0.025153277720398184,False,False,3.1860143152800826
CRA_1600_Turf,100.15428627948727,103.41872006120941,10,1600,CRA,Turf,0.03259404967065039,True,False,2.4566358806345368
DAX_1200_Turf,71.01487362526535,71.42698840372945,19,1200,DAX,Turf,0.005803217796862779,False,False,3.341373218305355
DIE_1000_Turf,55.585801659499,55.25064892042829,10,1000,DIE,Turf,0.006029466681505236,False,False,4.072071790256541
DUR_2000_Turf,131.9838229019582,137.8813029555349,11,2000,DUR,Turf,0.044683355307547974,True,False,1.9141666389515233
DUR_2300_Turf,148.27272369225804,150.7558656519978,16,2300,DUR,Turf,0.016747125822639822,False,False,1.7220801394544347
LAT_1000_Turf,56.0734431159725,56.36416656899816,13,1000,LAT,Turf,0.005184690592735217,False,False,4.036659108096852
LAT_2100_Turf,133.6112933246056,134.20413232814994,19,2100,LAT,Turf,0.004437042624114402,False,False,1.896178257475696
LAT_3000_Turf,191.93661783758722,188.10304132296443,10,3000,LAT,Turf,0.01997313778794771,False,False,1.3624138500360856
LIG_1600_Turf,98.83498283029145,99.2947370592426,18,1600,LIG,Turf,0.0046517358103921,False,False,2.489428401034975
LIS_1900_Turf,120.88974526436776,121.33297174028046,16,1900,LIS,Turf,0.0036663695083766225,False,False,2.100979360179712
LON_2700_Turf,175.53839311353477,175.154866622146,10,2700,LON,Turf,0.0021848581645652924,False,False,1.4970881893427528
LSO_3400_Turf,226.90977266785674,232.61748895611458,15,3400,LSO,Turf,0.02515412280903659,False,False,1.1615453675128726
LYO_1000_Turf,56.27076155122027,55.93196328770814,17,1000,LYO,Turf,0.006020857976193103,False,False,4.022504203544631
LYO_2800_Turf,183.4301854530368,183.92104847626783,11,2800,LYO,Turf,0.002676020972331672,False,False,1.4317575807080019
MAI_1000_Turf,56.76477937529634,57.20157518539388,11,1000,MAI,Turf,0.007694838505575632,False,False,3.987496778238987
MAI_3000_Turf,194.73294445380455,194.40983226211145,17,3000,MAI,Turf,0.001659257978147344,False,False,1.3428498562709585
MAI_3100_Turf,201.04290128021734,199.96701761848115,15,3100,MAI,Turf,0.00535151281087313,False,False,1.2981797036012632
MAL_1650_Turf,99.71306256777568,95.90554247768588,10,1650,MAL,Turf,0.03818476729166549,True,False,2.490592519012279
MAR_3000_Turf,193.3752983655801,193.3574654039301,19,3000,MAR,Turf,9.221943961167899e-05,False,False,1.3522777142747893
MOU_1000_Turf,56.56091356250923,56.551998841319296,15,1000,MOU,Turf,0.0001576127510755177,False,False,4.001869146372385
MOU_1600_Turf,100.56429335812564,102.81665459856114,15,1600,MOU,Turf,0.022397226343693222,False,False,2.4466200184725038
NIM_1900_Turf,118.77935310489481,115.78015460736215,18,1900,NIM,Turf,0.02525016696196391,False,False,2.1383081572562728
PAU_1300_All Weather,77.49157281310156,77.28152522012498,12,1300,PAU,All Weather,0.0027105862657244503,False,False,3.366131381686671
PDF_2400_Turf,154.18739721564526,153.5225621024748,16,2400,PDF,Turf,0.004311864167734937,False,False,1.6803594719535329
PET_3700_Turf,239.56844574825874,224.92755121616452,13,3700,PET,Turf,0.06111361822449289,True,False,1.0873945945945946
POM_2300_Turf,146.57054079993546,147.22610247519964,10,2300,POM,Turf,0.004472670099232313,False,False,1.7420793516876005
PON_1500_Turf,89.43137722099699,89.13918518890847,19,1500,PON,Turf,0.0032672205345387465,False,False,2.7032589212298346
S-M_1100_Turf,62.17423622767883,61.94481311338034,12,1100,S-M,Turf,0.0036900029372030517,False,False,3.680883081320869
SEN_2900_Turf,194.53451379786662,196.84239147352764,18,2900,SEN,Turf,0.011863589810387301,False,False,1.3714829860264721
SEN_3000_Turf,201.0966758029213,207.04004551919851,11,3000,SEN,Turf,0.029554788474483895,False,False,1.3003551919838015
STR_1550_Turf,93.83807334909582,95.59150101341231,10,1550,STR,Turf,0.01868567418038731,False,False,2.5748627375245596
VIL_1800_Turf,111.8692781276908,112.9042603943488,13,1800,VIL,Turf,0.009251711318603778,False,False,2.206626788910147
VIT_1300_Turf,75.35220917323107,74.40142898441593,12,1300,VIT,Turf,0.012617814384570296,False,False,3.147000875494206
VY3_2000_Turf,128.23951404705613,130.76735123119687,10,2000,VY3,Turf,0.019711843131385957,False,False,1.9700560514250796
