std_key,median_time,mean_time,n_races,distance,courseName,surface,divergence,provisional,course_lpl
A24_1200_Turf,70.39174182772608,70.5214287460934,47,1200,A24,Turf,0.0018423598422200882,False,3.4098222468854247
A24_1400_Turf,83.55182891911238,83.08233095649061,38,1400,A24,Turf,0.005619242196078079,False,2.9069362984518166
A24_1600_Turf,96.68898910363477,97.77456991723987,20,1600,A24,Turf,0.011227553661167565,False,2.5463343963420186
A24_2100_Turf,131.25377833452637,126.73957685656961,20,2100,A24,Turf,0.03439292594268349,False,1.947136979387968
A28_1100_Turf,64.95625991872967,63.392547598271996,21,1100,A28,Turf,0.024073312139801788,False,3.6479724728675995
A28_1230_Turf,73.06599890922726,70.30521942266596,27,1230,A28,Turf,0.03778473609853919,False,3.2710243902439027
A29_1200_Turf,71.78996489075229,71.80722570352512,25,1200,A29,Turf,0.00024043489642458225,False,3.3434105678482453
A29_1400_Turf,84.78829237254435,84.30647737550908,20,1400,A29,Turf,0.00568256516970839,False,2.864544590895098
A30_1100_Turf,64.0011811864863,62.20581111367026,29,1100,A30,Turf,0.028052139656371475,False,3.702410545104003
A30_1200_Turf,70.57231433733122,70.26821950987521,26,1200,A30,Turf,0.004308981933091469,False,3.4010975767905145
A30_1300_Turf,77.23486535773937,76.29867994848597,28,1300,A30,Turf,0.012121279747393078,False,3.130090776427263
A30_1400_Turf,83.98942790367988,83.69559402521747,28,1400,A30,Turf,0.0034984626731757273,False,2.8917906735302648
AGE_1850_Turf,118.61251888968425,119.63476147013442,45,1850,AGE,Turf,0.008618336327558361,False,2.1217726206955887
AGE_2500_Turf,165.6357199002868,166.9402688904451,37,2500,AGE,Turf,0.007876012438281139,False,1.602089979277372
AIX_1800_Turf,112.37316678596994,116.0684235275155,58,1800,AIX,Turf,0.0328837999963433,False,2.2100857150868927
AIX_2000_Turf,119.23678517458045,122.06496707890192,64,2000,AIX,Turf,0.02371903855157272,False,2.1215187332996828
AIX_2500_Turf,161.68349177745915,167.55650825472836,73,2500,AIX,Turf,0.03632415661428696,False,1.6412518318684548
AMI_1650_Turf,104.58101868536025,104.0010034104601,125,1650,AMI,Turf,0.0055460855343661105,False,2.377369116157536
AMI_2200_Turf,145.6397283464567,146.02967623961948,116,2200,AMI,Turf,0.0026774829752163358,False,1.7752069566708182
AMI_2900_Turf,199.41382234865614,197.61975384680304,53,2900,AMI,Turf,0.008996710863484407,False,1.3368631989127364
ANG_1350_Turf,81.74290397671349,81.30519835341585,31,1350,ANG,Turf,0.005354662019621142,False,3.0159713311931573
ANG_1600_Turf,98.02865741565337,96.9638991761238,86,1600,ANG,Turf,0.010861703787443128,False,2.5115359650208764
ANG_2000_Turf,124.91257696004917,123.77824429799965,23,2000,ANG,Turf,0.009081012414084695,False,2.025120925390944
ANG_2100_Turf,132.93538431833306,131.38710290671702,64,2100,ANG,Turf,0.011646872046561065,False,1.9225060866228842
ANG_2300_Turf,146.46638891621845,145.7455122242496,75,2300,ANG,Turf,0.0049217892057214245,False,1.755456633552059
ANG_3000_Turf,199.11436181982936,200.45140114780395,69,3000,ANG,Turf,0.006714931639056893,False,1.3188281330598635
ARG_1200_Turf,76.53352149163173,83.21884243508539,25,1200,ARG,Turf,0.08735153973262084,True,3.136185590355203
ARG_1900_Turf,122.93870297034549,123.31214085701055,20,1900,ARG,Turf,0.003037594163939871,False,2.098527979359284
ARG_2100_Turf,134.0783321214633,134.046243972876,66,2100,ARG,Turf,0.00023932389432039348,False,1.9061177256294055
ARG_2500_Turf,169.10753823983725,170.08879185953057,64,2500,ARG,Turf,0.005802542156941896,False,1.5691986875611112
ARG_2800_Turf,190.3884158116599,186.46187719226035,33,2800,ARG,Turf,0.02062383156380617,False,1.385564216758148
AVE_1600_Turf,99.73534077954525,100.6607041308025,137,1600,AVE,Turf,0.009278189095504943,False,2.4685582540528865
AVE_1800_Turf,118.04204396673686,118.12235316401771,82,1800,AVE,Turf,0.0006803440077967888,False,2.1039480707630998
AVE_2150_Turf,141.60272388606296,142.5848634932083,176,2150,AVE,Turf,0.006935880752799613,False,1.8395757078599302
AVE_2400_Turf,160.7,160.9184719308388,91,2400,AVE,Turf,0.0013595017475967802,False,1.613840403030531
BOR_1200_Turf,68.31121297337833,68.43586945784176,97,1200,BOR,Turf,0.00182483195711968,False,3.5136739172635623
BOR_1550_Turf,93.084042298974,92.57415841775763,27,1550,BOR,Turf,0.005477672312281907,False,2.5390787957448504
BOR_1600_Turf,101.61468095124474,101.7680278050698,79,1600,BOR,Turf,0.0015091013659595785,False,2.4229028364538507
BOR_1700_Turf,104.27656546760721,104.31870580202664,101,1700,BOR,Turf,0.00040412085141526343,False,2.390978102576771
BOR_1800_Turf,110.05336114488959,110.1667211882322,89,1800,BOR,Turf,0.0010300461718144769,False,2.256671927954847
BOR_2000_Turf,122.15712889591917,121.88593789279984,228,2000,BOR,Turf,0.002220017821067064,False,2.0708007443579732
BOR_2100_Turf,127.12135384750904,126.91166512658462,77,2100,BOR,Turf,0.0016495161086465065,False,2.010433949485156
BOR_2450_Turf,153.2947868211777,154.2727898422069,26,2450,BOR,Turf,0.006379884412964813,False,1.6849212473800212
BOR_2600_Turf,163.69138884985026,163.95784101436104,128,2600,BOR,Turf,0.0016277714202497884,False,1.6186235842552343
BOU_1200_Turf,75.51815596914022,75.47590160580494,21,1200,BOU,Turf,0.0005595258887486024,False,3.17835259880126
BOU_1400_Turf,89.88277075402462,90.88840413625768,80,1400,BOU,Turf,0.01118827750632096,False,2.702184659523625
BOU_1600_Turf,99.69796089212205,100.44715476258851,196,1600,BOU,Turf,0.007514635843727233,False,2.469483793841348
BOU_1900_Turf,126.31918892775032,127.9508224790117,258,1900,BOU,Turf,0.012916751327421986,False,2.042368306187992
BOU_2400_Turf,158.92850210389122,158.24432308437835,141,2400,BOU,Turf,0.004304948517451085,False,1.6318290887651703
BRA_1350_Turf,81.01955286841101,80.19762712871264,29,1350,BRA,Turf,0.01014478247039099,False,3.0428982411524155
BRA_1400_Turf,82.74311469020918,82.82885547733714,36,1400,BRA,Turf,0.0010362286632425507,False,2.93534809749848
BRA_1950_Turf,123.34234613192291,122.61857484811625,108,1950,BRA,Turf,0.005867987001256922,False,2.0864848568419836
BRA_2000_Turf,122.7184933145983,122.67868257087153,56,2000,BRA,Turf,0.000324407044541506,False,2.061328057522773
BRA_2400_Turf,157.49628683421017,158.62814024485232,61,2400,BRA,Turf,0.007186540288620304,False,1.6466683626643666
BRA_2500_Turf,163.9692615276882,163.68729364062833,39,2500,BRA,Turf,0.0017196386958920954,False,1.618372398523203
BRI_2400_Turf,163.95357625759917,166.93821408874086,54,2400,BRI,Turf,0.01820416424739842,False,1.5818145519408018
CAG_1300_All Weather,77.00793815545784,77.12346124299116,226,1300,CAG,All Weather,0.001500145183735598,False,3.4532459901148576
CAG_1300_Turf,79.91833510896647,80.29082521176827,32,1300,CAG,Turf,0.004660884167493116,False,3.024989689102495
CAG_1500_Turf,91.88275239718712,91.98161870302859,291,1500,CAG,Turf,0.0010760050527665232,False,2.6550160168063353
CAG_1600_All Weather,95.87935794957448,95.96845675552791,355,1600,CAG,All Weather,0.0009292803775374258,False,2.824619963712828
CAG_2000_All Weather,122.5273224369681,122.64734812101744,377,2000,CAG,All Weather,0.0009795830159520795,False,2.2709986250950513
CAG_2150_Turf,137.30183797479862,137.4584485398466,274,2150,CAG,Turf,0.00114062977858108,False,1.8971991553049021
CAG_2400_All Weather,150.71898599038755,151.31018698135463,109,2400,CAG,All Weather,0.0039225382726817614,False,1.892784549797205
CAG_2400_Turf,156.7001735414907,156.58047948415677,90,2400,CAG,Turf,0.0007638412557484383,False,1.6550342409055325
CAG_2500_Turf,160.4470142300417,160.20988901061565,70,2500,CAG,Turf,0.0014779035967978085,False,1.6539000637442653
CAG_3200_Turf,208.93523385031418,209.32571953908257,34,3200,CAG,Turf,0.0018689317334009158,False,1.2600214045510196
CAR_1400_Turf,84.46081953959704,83.67162434393003,20,1400,CAR,Turf,0.009343920648283717,False,2.8756510487461795
CAR_1600_Turf,99.67690983432266,96.49655900328183,63,1600,CAR,Turf,0.0319065953822909,False,2.4700053313384998
CAR_1900_Turf,121.15,119.02346921688918,57,1900,CAR,Turf,0.017552874809003905,False,2.129511415017832
CAR_2100_Turf,128.83362595992037,125.44309139143866,23,2100,CAR,Turf,0.02631715550361436,False,1.9837141396536817
CAV_1600_Turf,95.94740650925903,97.57552344848114,61,1600,CAV,Turf,0.016968847814192823,False,2.566015149959943
CAV_2200_Turf,140.18889512566227,140.32300743495855,63,2200,CAV,Turf,0.0009566542997294418,False,1.8442306624681495
CEP_1200_Turf,73.02757612209255,73.1556251248896,66,1200,CEP,Turf,0.0017534335602616795,False,3.2867491984111328
CEP_1400_Turf,84.44207479230386,85.50414481132948,118,1400,CEP,Turf,0.012577497907742362,False,2.876289395830198
CEP_1600_Turf,97.97910510176126,98.77722893393252,257,1600,CEP,Turf,0.00814585754118007,False,2.5128061584806023
CEP_2000_Turf,126.54333361107639,127.56143513420996,264,2000,CEP,Turf,0.00804547734029706,False,1.9990233086775606
CEP_2100_Turf,134.26685745236003,134.94000258948176,214,2100,CEP,Turf,0.005013486946028945,False,1.9034413281790523
CEP_2200_Turf,144.00766404373357,142.54914589463505,20,2200,CEP,Turf,0.010128059216734377,False,1.7953256907893602
CEP_2400_Turf,150.42468730281252,150.36109983520518,284,2400,CEP,Turf,0.00042271962632921717,False,1.7240797200058882
CEP_3000_Turf,198.33666719927052,199.13950459285047,29,3000,CEP,Turf,0.0040478515895063,False,1.3239993682076834
CHA_1000_Turf,56.34518915036189,56.52635463033685,31,1000,CHA,Turf,0.003215278583793591,False,4.117017282254739
CHA_1100_Turf,62.83883860751063,63.58962827248096,58,1100,CHA,Turf,0.011947860297987604,False,3.770894774233416
CHA_1200_Turf,69.29418701450197,69.39627413146616,212,1200,CHA,Turf,0.0014732421486209244,False,3.4638306273939445
CHA_1300_All Weather,77.25226146372852,77.29107899484245,311,1300,CHA,All Weather,0.0005024776023179663,False,3.4423245171561216
CHA_1400_All Weather,84.9197107227127,84.93420527444756,189,1400,CHA,All Weather,0.00017068536399280878,False,3.14612268979677
CHA_1400_Turf,85.34269093991091,85.42249135302998,35,1400,CHA,Turf,0.0009350585532305342,False,2.845936091445883
CHA_1500_All Weather,90.05199823798249,90.15683099384503,87,1500,CHA,All Weather,0.001164135809463128,False,2.979891645512393
CHA_1600_All Weather,97.79455636227289,97.85534432327111,645,1600,CHA,All Weather,0.0006215883916180532,False,2.769302900348491
CHA_1600_Turf,97.74282952004737,98.09982909212073,292,1600,CHA,Turf,0.003652437460899791,False,2.5188804121086648
CHA_1800_All Weather,110.6181383665892,110.73670453811113,131,1800,CHA,All Weather,0.0010718510840328074,False,2.4696651722222205
CHA_1800_Turf,109.88383869307143,110.11990818858476,112,1800,CHA,Turf,0.0021483550112653556,False,2.2601533913140286
CHA_1900_All Weather,116.71990075956415,116.89925536745467,704,1900,CHA,All Weather,0.001536624060878668,False,2.4313706306771117
CHA_2000_Turf,124.58459026783585,124.92977614916596,193,2000,CHA,Turf,0.0027706948394501975,False,2.030452344888516
CHA_2100_All Weather,132.78104189991984,132.815378525009,180,2100,CHA,All Weather,0.0002585958401730873,False,2.117214852398836
CHA_2100_Turf,128.1929813376033,127.94129862937618,68,2100,CHA,Turf,0.001963311139198032,False,1.9936277541318141
CHA_2200_Turf,138.4912041185794,138.4613193519247,32,2200,CHA,Turf,0.00021578819279465046,False,1.866838118519856
CHA_2400_Turf,150.50074659985685,150.7821411288586,164,2400,CHA,Turf,0.0018697218144033577,False,1.7232084134209402
CHA_2700_All Weather,175.7800284625238,176.28155371387393,205,2700,CHA,All Weather,0.002853141256926442,False,1.655576386823603
CHA_3000_Turf,192.2534756022207,192.30111917119123,53,3000,CHA,Turf,0.00024781642475532975,False,1.365892716590339
CHA_3200_All Weather,209.01975159022854,209.44762981014009,75,3200,CHA,All Weather,0.0020470707512387607,False,1.385463102384787
CHB_1950_Turf,119.9232464932129,120.6749857567357,156,1950,CHB,Turf,0.006268503276096169,False,2.1459720691115916
CHB_2600_Turf,170.39993642322622,170.79875791883316,63,2600,CHB,Turf,0.0023405026080313574,False,1.5548993039163335
CHB_2650_Turf,172.75655776609003,173.05871035766958,54,2650,CHB,Turf,0.0017490079420815206,False,1.5182490566037736
CHO_1350_Turf,82.1130588678946,81.50191977293552,26,1350,CHO,Turf,0.007442654108675774,False,3.0023757283098305
CHO_1900_Turf,120.07801762705799,120.06539014852859,34,1900,CHO,Turf,0.00010516061789606357,False,2.148522377598576
CHO_2100_Turf,134.45326220873991,136.36846614539965,45,2100,CHO,Turf,0.014244384295312707,False,1.9008024147660643
CHO_2950_Turf,197.69895947445934,197.1620129222666,33,2950,CHO,Turf,0.0027159806688922565,False,1.3548744721319275
CLA_1400_Turf,83.183003704364,83.22256662948196,83,1400,CLA,Turf,0.00047561308628107647,False,2.919825366612265
CLA_1600_Turf,96.93654584499251,96.6611664969669,203,1600,CLA,Turf,0.0028408207206594483,False,2.539831562554507
CLA_1800_Turf,108.99542908698912,108.98324118381734,147,1800,CLA,Turf,0.00011182031461201049,False,2.278575649943428
CLA_2200_Turf,139.20401776735523,139.44099085520105,141,2200,CLA,Turf,0.0017023437372466288,False,1.8572787127478194
CLA_2400_Turf,152.29518773996224,152.21268065859573,291,2400,CLA,Turf,0.000541757639167118,False,1.7029044490218936
CLA_2900_Turf,191.91479338761113,191.0381409815947,87,2900,CLA,Turf,0.004567925122092357,False,1.3891008386936055
COM_1400_Turf,84.85207665566425,84.79324116797426,190,1400,COM,Turf,0.0006933888952270255,False,2.8623912797400077
COM_1600_Turf,97.35223574325937,97.48703241145033,305,1600,COM,Turf,0.0013846283771689499,False,2.5289865900092683
COM_1800_Turf,109.42188056792554,109.55813024501778,136,1800,COM,Turf,0.0012451776224743122,False,2.269695324040595
COM_2000_Turf,126.79433913912273,126.82151797815631,320,2000,COM,Turf,0.00021435372602683744,False,1.9950659876758636
COM_2400_Turf,160.57680571133818,161.04673178499397,241,2400,COM,Turf,0.0029264878671241596,False,1.6150785390090385
COM_2800_Turf,184.92070310566197,185.94276694077683,75,2800,COM,Turf,0.005527038443774821,False,1.4265324098577374
CRA_1650_Turf,104.05283089613799,104.38801954341687,55,1650,CRA,Turf,0.003221331360157393,False,2.389436998663125
CRA_2200_Turf,139.91753882327208,138.6940500731588,46,2200,CRA,Turf,0.00874435585704993,False,1.8478073664148515
CRA_2400_Turf,155.83106310014747,155.76297311279976,119,2400,CRA,Turf,0.00043694746087921877,False,1.6642647980931402
CRA_3000_Turf,200.75237179652342,204.84018752343889,30,3000,CRA,Turf,0.020362477864315113,False,1.308067345427992
CRO_1100_Turf,65.06065691984462,65.01403425963665,162,1100,CRO,Turf,0.0007166029735207329,False,3.6421188986132473
CRO_1800_Turf,112.63476363341871,112.83187952730938,233,1800,CRO,Turf,0.001750044902053526,False,2.2049527398223474
CRO_2500_Turf,163.03576683079905,162.87964749298433,164,2500,CRO,Turf,0.0009575772289079254,False,1.627638721373581
CRO_3200_Turf,212.63546305094152,209.0846804772099,25,3200,CRO,Turf,0.016698919939243415,False,1.238094826887828
D04_1200_All Weather,75.48873610923968,76.09678889596753,62,1200,D04,All Weather,0.008054881006988125,False,3.4975504110605855
D04_1200_Turf,76.19160344271829,75.87061156980421,78,1200,D04,Turf,0.004212956000530997,False,3.1502595618905427
D04_1700_All Weather,112.52235833035074,112.52751977522104,37,1700,D04,All Weather,4.5870393643395135e-05,False,2.4373403399907514
D04_1700_Turf,112.43101259517954,111.96801669220962,57,1700,D04,Turf,0.004118044410370925,False,2.2175641657046827
D04_1800_All Weather,118.99611974639535,118.90050008737563,45,1800,D04,All Weather,0.0008035527479677719,False,2.295787159465757
D04_1800_Turf,118.93267620312757,118.22140061130841,86,1800,D04,Turf,0.005980489252628582,False,2.0881925691185117
D04_1950_All Weather,129.72870007903842,129.75853647075095,66,1950,D04,All Weather,0.00022999067819501478,False,2.1821472887673123
D04_1950_Turf,130.3568430750969,131.23351436779458,96,1950,D04,Turf,0.006725165108460433,False,1.9742111832469154
D04_2500_All Weather,174.1687622505158,174.15631492310285,46,2500,D04,All Weather,7.146704869529611e-05,False,1.6759587425272804
D04_2500_Turf,176.02941044187634,175.15360186645714,80,2500,D04,Turf,0.004975353682209743,False,1.5074942669893459
D08_1200_Turf,71.99174182772607,72.05945700407806,22,1200,D08,Turf,0.0009405964438813259,False,3.3340397271615374
D08_1600_Turf,99.62992574275323,99.83495232998838,61,1600,D08,Turf,0.0020578815622580757,False,2.4711701516050955
D08_1800_Turf,113.35136274158911,113.71209853955797,30,1800,D08,Turf,0.003182456648458993,False,2.1910131882483905
D08_2000_Turf,132.5373559744426,132.33650538676991,35,2000,D08,Turf,0.0015154262448951086,False,1.908617171260619
D08_2200_Turf,143.83566221620646,144.44948001112542,32,2200,D08,Turf,0.004267493787432901,False,1.7974725804762723
D08_2400_Turf,155.52385402582252,155.99575057505234,28,2400,D08,Turf,0.0030342390380286846,False,1.6675522503701967
D09_1600_Turf,100.21240723910041,101.75981752460537,29,1600,D09,Turf,0.015441304406678208,False,2.4568065520539832
D09_2000_Turf,128.52858240806023,128.93986001567316,24,2000,D09,Turf,0.0031998921944628783,False,1.9681464519944678
D12_1700_Turf,107.7398466467563,106.59362905487106,20,1700,D12,Turf,0.01063875276937528,False,2.3141204707893306
D13_1400_Turf,84.08846104110157,84.25516268881356,30,1400,D13,Turf,0.0019824556859294484,False,2.888384937480148
D13_1500_Turf,90.83657587225959,90.03589210651782,26,1500,D13,Turf,0.008814552486739931,False,2.685594177678399
D13_2000_Turf,129.21543449634612,129.40681000178174,54,2000,D13,Turf,0.0014810576320201708,False,1.9576846561116925
D14_1600_Turf,101.96411271670245,102.5032109802292,40,1600,D14,Turf,0.005287137299223958,False,2.4145995305836085
D14_2000_Turf,133.97014089587807,134.07226966833505,45,2000,D14,Turf,0.0007623248865308991,False,1.8882048772562372
D14_2200_Turf,148.38768935567083,149.2325085381114,23,2200,D14,Turf,0.005693323928076167,False,1.7423322652365139
D15_1100_Turf,69.82401334208224,69.85458776469022,44,1100,D15,Turf,0.0004378783336069988,False,3.3936555173798095
D15_1500_Turf,96.48855714200022,96.39512448352143,121,1500,D15,Turf,0.0009683289008176043,False,2.5282809330827285
D15_1900_Turf,126.7915457726875,126.60369308598062,93,1900,D15,Turf,0.001481586848413844,False,2.034759544551469
D15_2300_Turf,153.906325743971,153.9722322186147,61,2300,D15,Turf,0.00042822459911969266,False,1.6705966617844714
D16_1500_Turf,95.1452011829861,95.07128127585446,27,1500,D16,Turf,0.0007769168198979813,False,2.5639777545229023
D16_1900_Turf,123.05910333651475,123.32727446003543,30,1900,D16,Turf,0.0021792058957827644,False,2.0964747908483914
D16_2200_Turf,142.95790912649076,143.26668406401967,21,2200,D16,Turf,0.002159901046508044,False,1.8085089555941842
D27_1550_Turf,87.90205192038913,87.94683975233724,21,1550,D27,Turf,0.0005095197548821356,False,2.6887622400168354
DAX_1400_Turf,83.7,84.58900860508228,166,1400,DAX,Turf,0.01062136923634745,False,2.9017902543250185
DAX_2100_Turf,134.7408399138753,135.15673542977618,154,2100,DAX,Turf,0.0030866329478627754,False,1.8967455275097311
DAX_2300_Turf,147.70248069714427,148.35444661057647,165,2300,DAX,Turf,0.004414048500438031,False,1.7407655768665946
DAX_3000_Turf,192.08358823544472,191.89367378848965,34,3000,DAX,Turf,0.0009887073055001767,False,1.367100773556849
DEA_1000_Turf,56.80788316233198,56.130140590296065,34,1000,DEA,Turf,0.011930431734258201,False,4.083484625559307
DEA_1200_Turf,69.20535056344963,69.03461795050924,112,1200,DEA,Turf,0.0024670435385462123,False,3.468277023770508
DEA_1300_All Weather,76.92150958402927,76.94868828084489,490,1300,DEA,All Weather,0.0003533302578511518,False,3.457126037702731
DEA_1300_Turf,75.56231727748909,75.29214960973748,26,1300,DEA,Turf,0.003575428566589153,False,3.1993743493475733
DEA_1400_All Weather,82.4090551953733,82.30467326297509,91,1400,DEA,All Weather,0.001266631830091317,False,3.2419717479142274
DEA_1400_Turf,83.05256417521674,83.10847545996764,65,1400,DEA,Turf,0.0006732035946889588,False,2.924411144905752
DEA_1500_All Weather,88.11041251093614,88.16775089982644,522,1500,DEA,All Weather,0.0006507561053942881,False,3.0455560195879703
DEA_1600_Turf,98.08586183301092,99.55075746688897,202,1600,DEA,Turf,0.014934829612569415,False,2.5100712182279477
DEA_1900_All Weather,117.49386999920465,117.63940311795089,1042,1900,DEA,All Weather,0.0012386443543584748,False,2.4153544242288763
DEA_2000_Turf,126.65700013896864,127.49994823783949,187,2000,DEA,Turf,0.006655361313989456,False,1.9972293135693253
DEA_2500_All Weather,160.42921520924668,160.6243242391276,506,2500,DEA,All Weather,0.0012161689479464903,False,1.819491913540715
DEA_2500_Turf,161.8177409926032,161.88375604607745,118,2500,DEA,Turf,0.0004079593069913343,False,1.6398901964326207
DEA_3000_Turf,193.1982078448377,193.85363292951524,58,3000,DEA,Turf,0.0033925008517880985,False,1.3592135506513108
DEA_3200_Turf,205.30102394814287,205.6291805269298,23,3200,DEA,Turf,0.0015984166687342302,False,1.2823261265504762
DEA_3400_All Weather,220.4925141751633,221.3895285115901,44,3400,DEA,All Weather,0.004068230342342543,False,1.32218628218309
DIE_1100_Turf,63.10147262274034,63.17510623842657,91,1100,DIE,Turf,0.0011669080391587838,False,3.755199970381742
DIE_1400_Turf,82.26242106100374,82.10158927494972,51,1400,DIE,Turf,0.0019551064019225676,False,2.9525005604550647
DIE_1800_Turf,111.81299660421476,112.16442209394984,80,1800,DIE,Turf,0.0031429753285212576,False,2.2211579889219015
DIE_2200_Turf,144.29571220981632,145.11479474582734,54,2200,DIE,Turf,0.005676416322198259,False,1.791741798622134
DIE_2400_Turf,158.42691222219042,158.76156885411956,67,2400,DIE,Turf,0.0021123723692839927,False,1.636995565521605
DIE_3000_Turf,197.87648898474492,199.1435091347931,50,3000,DIE,Turf,0.006403085867092891,False,1.3270784387350656
E2D_1000_All Weather,59.43381320587768,59.43871393160898,49,1000,E2D,All Weather,8.245686196050716e-05,False,4.293373005875252
E2D_1200_All Weather,72.75750587994682,72.6401753470948,73,1200,E2D,All Weather,0.0016126244492990671,False,3.6288442933292626
E2D_1400_All Weather,87.1406211546789,86.83164751665711,53,1400,E2D,All Weather,0.003545690103279611,False,3.065938998087567
E2D_1600_All Weather,100.78777876376563,100.03253906290033,60,1600,E2D,All Weather,0.007493365863687637,False,2.687059402381633
EVX_1200_Turf,70.65575175375805,70.52013198409601,20,1200,EVX,Turf,0.0019194441541672412,False,3.3970812187760675
EVX_1800_Turf,113.1242568204881,113.04100151810658,35,1800,EVX,Turf,0.0007359633090330993,False,2.1954118210637317
EVX_2100_Turf,129.6941990998091,125.63071886879625,26,2100,EVX,Turf,0.0313312411751409,False,1.9705513990095167
EVX_2500_Turf,163.73410808876162,163.81622663302548,38,2500,EVX,Turf,0.0005015359671996168,False,1.6206966902631392
F03_1300_Turf,85.73174412289373,86.47711345794612,28,1300,F03,Turf,0.008694204727526883,False,2.8198672749304805
F03_1750_All Weather,120.13760595490754,122.26734405591402,25,1750,F03,All Weather,0.01772748910783071,False,2.397621881308425
F03_1750_Turf,115.52394179153671,116.90886112181799,54,1750,F03,Turf,0.011988158547951634,False,2.266704895173653
F03_1900_All Weather,128.9391150367568,132.5707306739698,33,1900,F03,All Weather,0.028165352586588907,False,2.2009561539293276
F03_1900_Turf,125.97490075104248,126.89135221510338,51,1900,F03,Turf,0.007274873475566637,False,2.047950078875338
F03_2100_Turf,134.82273014984403,135.65133410473038,21,2100,F03,Turf,0.006145877286162534,False,1.895593459615484
F18_1000_Turf,56.85846996398177,56.42380197119183,44,1000,F18,Turf,0.007644736009697237,False,4.079851562148983
F18_1200_Turf,69.35592800899887,69.0279657051953,29,1200,F18,Turf,0.004728684529475561,False,3.4607471080201373
F18_1600_Turf,95.68646642132117,94.35763809451728,37,1600,F18,Turf,0.013887317365789912,False,2.573012756245582
F20_1000_Turf,56.6481729966228,56.55002941816019,25,1000,F20,Turf,0.001732510922610962,False,4.094997335885514
F20_1200_Turf,68.98807086614174,69.09514198578721,20,1200,F20,Turf,0.001552023680343509,False,3.4792004511463355
F20_1400_Turf,84.34203213234709,84.26695151285828,25,1400,F20,Turf,0.0008901922041786598,False,2.8797011187243386
F20_1600_Turf,97.24130202880484,96.8191204099657,32,1600,F20,Turf,0.0043415874739529325,False,2.531871679681888
FON_1100_Turf,61.37478778054437,61.336517681915794,55,1100,FON,Turf,0.0006235475512422738,False,3.8608467205009878
FON_1200_Turf,67.29222550657308,66.96958418587509,203,1200,FON,Turf,0.004794629963107214,False,3.566880504758314
FON_1400_Turf,86.35971775024171,85.35019659657802,62,1400,FON,Turf,0.011689722708257376,False,2.812420542983123
FON_1600_Turf,99.08115482672103,98.76568090041818,110,1600,FON,Turf,0.0031839952496978546,False,2.4848569754026117
FON_1800_Turf,111.85792314700332,112.29917188672967,68,1800,FON,Turf,0.003944724944932689,False,2.220265884486006
FON_2000_Turf,121.38275941758886,121.15299726254916,162,2000,FON,Turf,0.001892873058267289,False,2.084011556995852
FON_2200_Turf,136.9299222739203,137.29739307806557,106,2200,FON,Turf,0.0026836413695623972,False,1.8881239004217252
FON_2600_Turf,165.5014063180119,165.88061387701106,119,2600,FON,Turf,0.0022912648746349984,False,1.6009213965393736
FON_3000_Turf,187.93174133966724,189.67233444829645,104,3000,FON,Turf,0.009261836751053514,False,1.397303192065004
G67_1000_All Weather,58.741069189859786,58.74815509572836,55,1000,G67,All Weather,0.0001206295010679595,False,4.344005527539775
G67_1200_All Weather,71.66363531681746,71.59966908814265,81,1200,G67,All Weather,0.0008925897826983909,False,3.684234812287786
G67_1200_Turf,71.89174182772608,72.34950115124028,30,1200,G67,Turf,0.006367342227026897,False,3.338677310898416
G67_1400_All Weather,84.930009039211,84.93543097155153,79,1400,G67,All Weather,6.38400066344238e-05,False,3.145741201939079
G67_1400_Turf,84.5177821323471,84.83874924792671,23,1400,G67,Turf,0.003797628232565486,False,2.873712941339096
G67_1600_All Weather,98.06700080671735,97.96107042192274,84,1600,G67,All Weather,0.0010801837919300176,False,2.7616093726176816
G67_1600_Turf,97.82831384713275,97.78813643582647,43,1600,G67,Turf,0.000410693077763313,False,2.516679364287539
G67_2000_All Weather,125.88166925157083,126.02902050744756,99,2000,G67,All Weather,0.0011705537172552987,False,2.2104837220964977
G67_2000_Turf,125.6451947128768,125.25054764383584,26,2000,G67,Turf,0.0031409642839330277,False,2.0133127575978618
G67_2800_All Weather,181.43279686630078,181.18391244267397,30,2800,G67,All Weather,0.00137177196143986,False,1.599352040365282
GPD_1000_All Weather,56.51360255101802,56.50962430614591,75,1000,GPD,All Weather,7.03944659786468e-05,False,4.515223198237797
GPD_1000_Turf,55.35,55.23215371032203,115,1000,GPD,Turf,0.002129110924624582,False,4.1910409666477335
GPD_1100_All Weather,63.69214566929134,64.44395514225924,89,1100,GPD,All Weather,0.011803801945557286,False,4.092412183595617
GPD_1200_All Weather,70.75708020588336,70.78045290179946,129,1200,GPD,All Weather,0.0003303230694101691,False,3.7314380305274653
GPD_1300_All Weather,77.32861220589406,77.22154731646039,29,1300,GPD,All Weather,0.0013845443022901189,False,3.4389257230466432
GPD_1400_All Weather,83.65209357353058,83.69273333442065,82,1400,GPD,All Weather,0.00048581881401869187,False,3.1937972775404924
GPD_1500_Turf,87.82322510822512,87.77754307493446,38,1500,GPD,Turf,0.0005201589127974516,False,2.7777410699978407
GPD_1600_All Weather,97.39336533501495,97.5727063002717,122,1600,GPD,All Weather,0.0018414084433765769,False,2.780710448198979
GPD_1600_Turf,93.91710439831385,93.51410426903985,150,1600,GPD,Turf,0.004291019531062551,False,2.6214873241614134
GPD_1650_All Weather,101.15877099737533,101.2977581798853,27,1650,GPD,All Weather,0.0013739508807751831,False,2.70357626588655
GPD_1670_All Weather,100.59801519128291,100.80861370403463,33,1670,GPD,All Weather,0.0020934658835094467,False,2.6501173652694616
GPD_1700_All Weather,103.31204616468396,103.28678264899835,104,1700,GPD,All Weather,0.000244536011273434,False,2.654630251658003
GPD_1700_Turf,100.32,101.03275567900693,122,1700,GPD,Turf,0.007104821361711843,False,2.4852769601770532
GPD_1800_All Weather,109.44,109.40447268193391,26,1800,GPD,All Weather,0.0003246282718026986,False,2.4962514961625
HOP_1400_Turf,84.45818052572974,84.53231071062334,22,1400,HOP,Turf,0.0008777146800007975,False,2.875740902481459
HOP_1600_Turf,99.17553964845304,99.6904263827282,45,1600,HOP,Turf,0.005191670608501671,False,2.482492150532646
HOP_1800_Turf,112.97710629921261,113.300876802486,39,1800,HOP,Turf,0.0028658063025256532,False,2.1982713029930023
HOP_2000_Turf,125.69192456056629,127.81395385394283,41,2000,HOP,Turf,0.016882781457881288,False,2.0125642465153657
HOP_2200_Turf,140.48306248217744,140.25425934203133,27,2200,HOP,Turf,0.0016286884418905657,False,1.840368898286782
HOP_2400_Turf,153.12097613934623,153.63403956057994,23,2400,HOP,Turf,0.0033507063118955152,False,1.693720607756528
HPV_1000_Turf,56.82304879503699,57.470952055996804,339,1000,HPV,Turf,0.011402120700999835,False,4.082394775062
HPV_1200_Turf,69.62075328083989,69.68658967391755,1146,1200,HPV,Turf,0.0009456432166438342,False,3.4475830261844034
HPV_1650_Turf,99.68542543545693,99.3020297269839,822,1650,HPV,Turf,0.003846055798008985,False,2.494122715259393
HPV_1800_Turf,109.09487733454806,108.88499912910763,229,1800,HPV,Turf,0.0019238135700618128,False,2.2764985555751704
HPV_2200_Turf,136.22390879265092,136.22831625933426,89,2200,HPV,Turf,3.2354575069897425e-05,False,1.8979095609553231
HWM_1500_All Weather,94.02757831407438,94.51209970405854,245,1500,HWM,All Weather,0.005152971060955655,False,2.8538988456633887
HWM_1500_Turf,93.73932484216985,93.8308353913745,214,1500,HWM,Turf,0.0009762236858301885,False,2.6024315802735365
HWM_2100_All Weather,134.79075249684698,134.84316612871714,164,2100,HWM,All Weather,0.0003888518381214061,False,2.085647485602386
HWM_2100_Turf,134.97103479748446,135.37503916587443,137,2100,HWM,Turf,0.0029932671776292273,False,1.8935106029453874
HWM_2300_All Weather,145.21213386604185,145.6142148733285,50,2300,HWM,All Weather,0.002768921553467243,False,1.9476811330232109
HWM_2300_Turf,144.69495012937313,144.45056775586002,69,2300,HWM,Turf,0.0016889488768930786,False,1.776947943141776
HWM_2850_Turf,188.5915128393042,187.74716282005988,28,2850,HWM,Turf,0.004477136889843816,False,1.4148353930781559
HWM_950_All Weather,53.320871027485204,53.21850204909631,65,950,HWM,All Weather,0.001919866956714333,False,4.646165010542459
HWM_950_Turf,53.03559224273102,53.0026926368724,64,950,HWM,Turf,0.0006203306961868845,False,4.246506146728343
HYE_1850_Turf,117.45,115.79719228833359,66,1850,HYE,Turf,0.014072436880940078,False,2.1427739042304847
HYE_2500_Turf,162.55,161.27746954942685,58,2500,HYE,Turf,0.007828547834962517,False,1.6325027810682438
LAT_1100_Turf,61.5440081534947,61.1824790973886,30,1100,LAT,Turf,0.005874317694818049,False,3.8502310010906142
LAT_1200_Turf,71.71547409634908,71.84897297177439,30,1200,LAT,Turf,0.001861507256383033,False,3.3468833652096692
LAT_1400_Turf,84.6479142649186,86.55174459672381,60,1400,LAT,Turf,0.022491166478678753,False,2.8692950841868874
LAT_1600_Turf,100.22650863889946,100.71118235949614,260,1600,LAT,Turf,0.004835783738041588,False,2.4564608908921817
LAT_1800_Turf,110.40622226198997,110.7449658427062,88,1800,LAT,Turf,0.0030681566108873826,False,2.2494595466133527
LAT_1900_Turf,122.17156015369582,121.51271372155149,257,1900,LAT,Turf,0.005392797074175686,False,2.111705110459833
LAT_2000_Turf,121.62684822455044,122.70165575104758,129,2000,LAT,Turf,0.00883692656832481,False,2.07982922470601
LAT_2200_Turf,141.7626084528306,142.8769677861694,39,2200,LAT,Turf,0.007860742303634908,False,1.8237577718831524
LAT_2400_Turf,154.74909840326526,155.03165042762734,166,2400,LAT,Turf,0.0018258718614680722,False,1.6759008966318736
LIG_2400_Turf,173.9327558068727,174.29958079398082,29,2400,LIG,Turf,0.0021090046288660177,False,1.4910598729026676
LIS_2600_Turf,186.0867811978048,195.31094702849848,25,2600,LIS,Turf,0.04956916214746412,False,1.4238235560118737
LLA_1400_Turf,84.02727551101566,84.06022116798005,174,1400,LLA,Turf,0.00039208288932404597,False,2.8904881517331047
LLA_2000_Turf,130.5482573769188,131.02929419484485,147,2000,LLA,Turf,0.003684743309420091,False,1.9376978178724176
LLA_2300_Turf,147.77321444857273,148.47305741615966,43,2300,LLA,Turf,0.004735925723741277,False,1.7399323346577902
LLA_2400_Turf,152.35016010498688,153.18854451786711,120,2400,LLA,Turf,0.005503009726425539,False,1.7022899916106962
LLA_3000_Turf,199.9854790878413,201.1493631686223,69,3000,LLA,Turf,0.005819842951046361,False,1.3130834461681529
LON_1000_Turf,55.71916941498574,55.55334295730246,39,1000,LON,Turf,0.002976111442872323,False,4.163273069924161
LON_1300_Turf,73.47545940929886,73.49901645832789,46,1300,LON,Turf,0.00032061111585294247,False,3.290243322306686
LON_1400_Turf,80.05290596914023,80.0910695674811,273,1400,LON,Turf,0.00047672970617187294,False,3.03399160026286
LON_1600_Turf,98.89809427127393,98.91163261081223,351,1600,LON,Turf,0.00013689181412500237,False,2.489456450260804
LON_1700_Turf,106.05626356580902,106.16798814857574,31,1700,LON,Turf,0.0010534463407472381,False,2.350855821827576
LON_1800_Turf,111.8103087048553,112.13093354098896,89,1800,LON,Turf,0.002867578489386083,False,2.2212113851534725
LON_1850_Turf,114.17728039105671,114.44722864926152,70,1850,LON,Turf,0.002364290490018983,False,2.204193287753096
LON_1950_Turf,121.80301360057265,122.30636171525376,40,1950,LON,Turf,0.004132476691682908,False,2.112853613421676
LON_2000_Turf,126.25177293556678,126.90963308606986,303,2000,LON,Turf,0.005210700295185759,False,2.0036397712640697
LON_2100_Turf,132.44062638910094,132.41754748436733,120,2100,LON,Turf,0.00017425849879178844,False,1.929687985080229
LON_2200_Turf,138.90798448651012,138.89641788912226,66,2200,LON,Turf,8.326805280929119e-05,False,1.861236845988403
LON_2250_Turf,144.31174653884946,144.33206940589196,34,2250,LON,Turf,0.0001408261456874811,False,1.78816
LON_2400_Turf,152.27116583631116,152.50194978611634,242,2400,LON,Turf,0.0015156116296717328,False,1.7031730948050714
LON_2500_Turf,162.4782952456273,162.65794545837298,27,2500,LON,Turf,0.001105687454894192,False,1.633223235518805
LON_2800_Turf,180.7597966960132,180.9098410808982,65,2800,LON,Turf,0.0008300760878665435,False,1.4593697329585753
LON_3000_Turf,193.15244730514058,193.87954408640812,40,3000,LON,Turf,0.003764367427966742,False,1.3595355675167928
LON_3100_Turf,200.6824948232385,201.50414068932744,46,3100,LON,Turf,0.004094257781739509,False,1.3038984160142488
LPA_1100_Turf,64.08283182038745,63.03804998121884,22,1100,LPA,Turf,0.016303615328625738,False,3.6976931479574886
LSO_1950_Turf,124.68940040165434,125.25492831359472,69,1950,LSO,Turf,0.004535493074140049,False,2.063943980664174
LSO_2700_Turf,179.55797747921372,182.51310764149238,103,2700,LSO,Turf,0.016457804903827013,False,1.4734023693439804
LYO_1350_Turf,83.95022207387619,83.96095714309384,85,1350,LYO,Turf,0.00012787422060895172,False,2.93667186139535
LYO_1600_Turf,99.50028878183828,99.48923871913456,306,1600,LYO,Turf,0.0001110555842500615,False,2.4743897903848406
LYO_2000_Turf,132.06882586251845,132.27852056205754,149,2000,LYO,Turf,0.0015877683334398233,False,1.915388221211513
LYO_2200_Turf,140.7373713611784,140.94089415206005,224,2200,LYO,Turf,0.0014461176083739498,False,1.8370433981232868
LYO_2400_Turf,155.5924838506757,155.60806416009055,272,2400,LYO,Turf,0.00010013536020028151,False,1.6668167147193471
LYO_3150_Turf,212.52047700597745,212.83511958016308,41,3150,LYO,Turf,0.0014805282701147733,False,1.2772571428571429
MAI_1100_Turf,63.51159420981468,63.45046395503383,27,1100,MAI,Turf,0.0009625054376512963,False,3.7309510345646584
MAI_1200_Turf,70.25199149693066,70.42506624245691,152,1200,MAI,Turf,0.002463627604547153,False,3.4166053113481123
MAI_1300_Turf,77.06958673016251,77.24455431365507,21,1300,MAI,Turf,0.0022702545960854763,False,3.136803373830052
MAI_1400_Turf,84.55366813716984,84.53570010235909,51,1400,MAI,Turf,0.00021250449810882708,False,2.8724932890313477
MAI_1600_Turf,98.1620364977857,98.21490310905051,164,1600,MAI,Turf,0.0005385647359302341,False,2.5081233793237128
MAI_1800_Turf,112.40573078675082,113.40377708519996,31,1800,MAI,Turf,0.00887896276696578,False,2.209445452064285
MAI_2000_Turf,125.95850907036241,125.9825656949642,79,2000,MAI,Turf,0.00019098848326590682,False,2.0083047609351516
MAI_2100_Turf,131.5420736670571,131.33301407480766,80,2100,MAI,Turf,0.0015892982862547186,False,1.9428695196520336
MAI_2400_Turf,153.91185766620941,153.87554364274567,89,2400,MAI,Turf,0.00023594038831303206,False,1.6850173644804496
MAI_2500_Turf,161.0871231259445,160.52977600457405,39,2500,MAI,Turf,0.0034599110751682128,False,1.6473279919163446
MAL_2350_Turf,153.79985275781692,151.07417356285424,36,2350,MAL,Turf,0.017722248403284943,False,1.6996826045986828
MAL_2950_Turf,197.48896709062055,205.92113113229803,23,2950,MAL,Turf,0.04269688664586648,False,1.3563151263841458
MAN_1400_Turf,84.13181499483576,83.88979574936116,79,1400,MAN,Turf,0.0028766673521718796,False,2.886896524244873
MAN_1950_Turf,124.48779308149798,124.1085474147861,110,1950,MAN,Turf,0.003046448630217116,False,2.0672865269861425
MAN_2300_Turf,145.70217603507092,144.9217847248248,94,2300,MAN,Turf,0.0053560717587243754,False,1.764664063448874
MAN_3200_Turf,209.01611814257484,209.20034178803712,33,3200,MAN,Turf,0.0008813848764362698,False,1.2595338060804036
MAR_1200_Turf,72.89562212121211,72.18242142452961,23,1200,MAR,Turf,0.009783861855195959,False,3.292698797221056
MAR_1400_Turf,85.98372256024815,85.6207535130031,92,1400,MAR,Turf,0.00422136930615826,False,2.824718877655244
MAR_1600_Turf,95.89568292599787,97.25605601137093,59,1600,MAR,Turf,0.014185967958775027,False,2.567399190348505
MAR_2000_Turf,133.54147804035318,134.08548150746998,147,2000,MAR,Turf,0.004073666662221678,False,1.8942659401288238
MAR_2100_Turf,141.15804700548796,138.32561973389835,27,2100,MAR,Turf,0.020065645081356852,False,1.810517295337839
MAR_2150_Turf,142.57352480733297,142.74831007961782,24,2150,MAR,Turf,0.0012259307786704936,False,1.8270498073159849
MAR_2200_Turf,147.65286089238845,148.41570689634565,28,2200,MAR,Turf,0.005166483055910314,False,1.7510033829734346
MAR_2400_Turf,158.93290742066333,157.4938205579926,96,2400,MAR,Turf,0.009054681538429055,False,1.6317838575781833
MAR_2450_Turf,157.92192610283638,157.94673059313791,61,2450,MAR,Turf,0.00015706805833524205,False,1.6355527683939142
MOU_1400_Turf,87.47518314165218,88.55169960092239,43,1400,MOU,Turf,0.012306535643680352,False,2.7765571395683577
MOU_2200_Turf,143.06750332051055,145.63275277854567,44,2200,MOU,Turf,0.017930343358884566,False,1.807123581020883
MOU_2400_Turf,167.6554581678297,168.7046790041518,86,2400,MOU,Turf,0.006258196707630059,False,1.5468876206069748
MOU_2800_Turf,184.75927781754555,186.34579378719747,29,2800,MOU,Turf,0.008586935326834506,False,1.427778779772087
MXD_1000_All Weather,59.59869584483758,60.42709239162818,124,1000,MXD,All Weather,0.01389957506699965,False,4.281495184369041
MXD_1100_All Weather,65.97727971503562,65.73212503391127,129,1100,MXD,All Weather,0.003715743998285503,False,3.9506708076197623
MXD_1100_Turf,65.39593189913761,65.40291078844912,62,1100,MXD,Turf,0.00010671748392966514,False,3.6234463099238083
MXD_1200_All Weather,72.02052254831781,72.00440247226298,219,1200,MXD,All Weather,0.00022382614683221405,False,3.665978122169042
MXD_1200_Turf,70.42248055356715,70.58245214365596,86,1200,MXD,Turf,0.0022715983423378335,False,3.408333892735018
MXD_1300_All Weather,78.32624239137316,78.33569026169539,65,1300,MXD,All Weather,0.00012062202952396686,False,3.3951246162631814
MXD_1300_Turf,77.68019055146516,77.7163299231186,34,1300,MXD,Turf,0.0004652327883965533,False,3.1121465840727365
MXD_1400_All Weather,85.01398370658212,84.90227634931752,130,1400,MXD,All Weather,0.0013139880334293464,False,3.142633918177619
MXD_1400_Turf,83.81174182772608,83.5122375976957,91,1400,MXD,Turf,0.0035735354438284597,False,2.8979214485989364
MXD_1500_All Weather,91.8316151958278,91.35429180058438,110,1500,MXD,All Weather,0.005197811170211271,False,2.922143933097809
MXD_1500_Turf,89.64686811875788,89.57795895133835,90,1500,MXD,Turf,0.0007686734502341774,False,2.721234822834128
MXD_1600_All Weather,97.54662570587767,97.66128172541785,79,1600,MXD,All Weather,0.0011753970853475557,False,2.776341535266636
MXD_1600_Turf,95.2,95.25764036587049,60,1600,MXD,Turf,0.000605466028051296,False,2.586160700652562
MXD_2000_All Weather,125.39911576393861,125.0336741281599,31,2000,MXD,All Weather,0.0029142281710075628,False,2.218989975294167
MXD_2000_Turf,123.61790304621013,123.53525469481627,60,2000,MXD,Turf,0.0006685791407006947,False,2.046330403709737
MXD_2100_Turf,129.48,129.19271003254963,20,2100,MXD,Turf,0.0022187980186157154,False,1.973811287299565
OST_1600_Turf,108.01321891581735,107.22233651245413,45,1600,OST,Turf,0.007322089011897755,False,2.279373776407938
OST_1800_Turf,124.05595678741604,122.98080759218259,26,1800,OST,Turf,0.008666647076656228,False,2.001954094782666
OST_2100_Turf,138.4510749555927,137.89350521149711,37,2100,OST,Turf,0.004027196930572224,False,1.8459162239189535
PAU_1200_All Weather,69.96139346218087,70.51587622668953,22,1200,PAU,All Weather,0.007925553466976045,False,3.773876518798043
PAU_1400_All Weather,83.9617772210292,84.05738013640182,50,1400,PAU,All Weather,0.0011386480674527527,False,3.182017312620548
PAU_1500_All Weather,93.28062429696288,93.04741370648536,116,1500,PAU,All Weather,0.0025000968018298224,False,2.8767517288131805
PAU_1600_All Weather,95.11872829945843,95.41501082377548,177,1600,PAU,All Weather,0.0031148705372119325,False,2.8472074155545486
PAU_1950_All Weather,123.5137974230494,123.8943968027344,113,1950,PAU,All Weather,0.003081432096054912,False,2.291947434691644
PAU_2000_All Weather,124.1682315278772,125.05528223502837,247,2000,PAU,All Weather,0.007143942506356968,False,2.240986904355323
PAU_2400_All Weather,152.33447523605005,152.9966421361799,209,2400,PAU,All Weather,0.004346796082132989,False,1.8727117916128522
PET_1600_Turf,98.83139626232985,98.61355672242098,193,1600,PET,Turf,0.0022041532159542757,False,2.4911365012857294
PET_2200_Turf,141.85185417485351,142.80034166510134,42,2200,PET,Turf,0.006686465226451508,False,1.8226103594640946
PET_2400_Turf,155.2120032471709,154.89169382473753,240,2400,PET,Turf,0.002063689764529992,False,1.670902683692625
PET_3100_Turf,202.44474760178335,202.98624716393562,30,3100,PET,Turf,0.0026748017351253704,False,1.2925481654704254
PLB_1700_All Weather,101.46422407142289,101.4975178003109,428,1700,PLB,All Weather,0.0003281326910318218,False,2.702975217318016
PLB_2100_All Weather,130.94441072047212,131.0202618034153,388,2100,PLB,All Weather,0.0005792617075127263,False,2.1469109867363785
PLB_2400_All Weather,150.308501210076,150.57445170565342,330,2400,PLB,All Weather,0.0017693642970048177,False,1.8979536469796372
PLB_3100_All Weather,200.10170102859803,200.38653455901496,146,3100,PLB,All Weather,0.0014234438235796146,False,1.4384512693015659
PMO_1000_All Weather,57.4424647974198,57.40933242284509,121,1000,PMO,All Weather,0.0005767923554735935,False,4.442210656423801
PMO_1200_All Weather,71.68870719001033,71.91024435259273,96,1200,PMO,All Weather,0.0030902658349691112,False,3.682946315512671
PMO_1400_All Weather,84.9833684084944,84.87679817487673,96,1400,PMO,All Weather,0.0012540128217255044,False,3.1437660535117136
PMO_1600_All Weather,97.46036884593971,96.89673397612101,41,1600,PMO,All Weather,0.005783221185112319,False,2.778798723822181
PMO_1800_All Weather,110.85474530882503,111.0877290186683,22,1800,PMO,All Weather,0.002101702630719229,False,2.464393950650984
PON_1500_All Weather,89.49580802101741,89.42920668845379,631,1500,PON,All Weather,0.0007441838230901343,False,2.9984107987274884
PON_2000_All Weather,128.45027940825577,128.51785507625962,576,2000,PON,All Weather,0.0005260842429861728,False,2.166280852582157
PON_2000_Turf,128.49165304621013,128.91503323182246,51,2000,PON,Turf,0.003295001469551242,False,1.968712110469369
PON_2600_All Weather,168.60270185751574,168.8448610690513,329,2600,PON,All Weather,0.0014362712392367051,False,1.728621271036033
S-M_1800_Turf,112.94305905511811,114.0284732659789,131,1800,S-M,Turf,0.00961027813432156,False,2.198933982756284
S-M_2500_Turf,167.83737880776266,169.21532587984993,103,2500,S-M,Turf,0.008210013060711212,False,1.581074066740428
S84_1000_All Weather,55.78072300545732,55.55597926864691,25,1000,S84,All Weather,0.004029057435996703,False,4.574546823808334
S85_1000_All Weather,58.969866490464916,59.05624319856648,253,1000,S85,All Weather,0.0014647601095642223,False,4.327151211977173
S85_1000_Turf,59.60691424240331,59.2056099889937,117,1000,S85,Turf,0.0067325117985076325,False,3.891731696772348
S85_1200_All Weather,72.65714239456955,72.27788209949068,277,1200,S85,All Weather,0.005219862529402354,False,3.6338569245609196
S85_1200_Turf,73.35469420867847,72.74757130459734,195,1200,S85,Turf,0.008276537863466351,False,3.2720922617219355
S85_1300_All Weather,78.39733451879121,77.88464492287632,33,1300,S85,All Weather,0.006539630448685789,False,3.3920458555718764
S85_1400_All Weather,85.31542365032654,84.33767597541053,82,1400,S85,All Weather,0.011460385860866094,False,3.1315302355025216
S85_1400_Turf,84.00440296568043,83.9161651417753,25,1400,S85,Turf,0.0010503952267975898,False,2.8912751678769903
S85_1600_All Weather,96.31852380952381,93.15549058856269,26,1600,S85,All Weather,0.03283930334331359,False,2.8117410635144915
S85_1600_Turf,96.78788910363477,96.68344645311724,40,1600,S85,Turf,0.0010790880086835619,False,2.54373249568967
S85_1900_All Weather,119.64477397913345,117.93539796252031,24,1900,S85,All Weather,0.014287093031838206,False,2.371932590819599
S85_1900_Turf,119.1251825733868,119.7324036074313,39,1900,S85,Turf,0.005097335600475764,False,2.1657075553313505
S87_1000_All Weather,57.55945328512258,57.44330512218265,607,1000,S87,All Weather,0.0020178816217135596,False,4.4331819482430985
S87_1000_Turf,54.84652163693567,54.98738548372476,43,1000,S87,Turf,0.0025683278097662484,False,4.229513751838954
S87_1100_All Weather,63.86270433355594,64.2097629382658,547,1100,S87,All Weather,0.005434448921817735,False,4.081482543785682
S87_1300_All Weather,76.76795593732601,76.78917432355766,225,1300,S87,All Weather,0.00027639639446665795,False,3.4640410884386843
S87_1400_All Weather,82.374396992334,82.43457955162083,39,1400,S87,All Weather,0.0007305978736624954,False,3.2433357750778784
S87_1500_All Weather,88.89802608153002,88.92359289737075,24,1500,S87,All Weather,0.00028759711511800465,False,3.0185731791722397
S87_900_All Weather,52.03939781675018,52.033704692701676,90,900,S87,All Weather,0.0001094002676309441,False,4.91744
S88_1000_All Weather,59.68970969537899,59.6699474265201,294,1000,S88,All Weather,0.00033108334685724895,False,4.274966833589777
S88_1000_Turf,57.56,57.637337181559516,366,1000,S88,Turf,0.0013435924523890561,False,4.0301271282826985
S88_1100_Turf,63.87166283902013,63.80616635221356,72,1100,S88,Turf,0.0010254388862812026,False,3.7099182578224235
S88_1200_All Weather,71.61965163445478,71.54167526087066,134,1200,S88,All Weather,0.001088756672290327,False,3.686497406562332
S88_1200_Turf,69.14,68.66731578979034,184,1200,S88,Turf,0.006836624388337634,False,3.4715552108937766
S88_1300_All Weather,77.60938450875459,75.9242527889862,29,1300,S88,All Weather,0.021712989098351943,False,3.4264845073259185
S88_1300_Turf,75.7428539330311,75.14006357192575,104,1300,S88,Turf,0.007958379303192256,False,3.191748490076825
S88_1400_All Weather,85.26959357353059,84.87821535291587,145,1400,S88,All Weather,0.004589891944039986,False,3.1332133474439217
S88_1600_All Weather,97.75154609461696,97.18093321182415,34,1600,S88,All Weather,0.005837379617919149,False,2.770521381934952
S88_1600_Turf,94.3272063151197,93.75771385492634,98,1600,S88,Turf,0.0060374146806685975,False,2.6100900081746636
S88_1800_Turf,106.6083109213621,106.6833873699707,23,1800,S88,Turf,0.0007042269778007958,False,2.3295963375307913
SA7_1000_Turf,56.331658845674596,55.90407306575672,87,1000,SA7,Turf,0.00759050574188281,False,4.118006148895154
SA7_1100_All Weather,66.56328706133955,66.22070130604243,21,1100,SA7,All Weather,0.0051467673911809965,False,3.915890041550319
SA7_1300_Turf,73.42775735468152,72.18281316579194,46,1300,SA7,Turf,0.0169546808147233,False,3.292380815978281
SA7_1400_Turf,82.26869226459377,79.69760913296857,35,1400,SA7,Turf,0.03125226694203484,False,2.95227549631943
SA7_1500_Turf,72.51468146027202,78.50511437306552,36,1500,SA7,Turf,0.08260993211527012,True,3.3641488091819496
SAI_1200_Turf,73.30678247278595,72.99168968279045,21,1200,SAI,Turf,0.004298276085333265,False,3.2742308308279764
SAI_1300_Turf,80.23449117146035,80.3566629078668,35,1300,SAI,Turf,0.0015226835070889595,False,3.0130700169611533
SAI_1400_Turf,86.55277556916585,86.55471972036402,165,1400,SAI,Turf,2.2462031811103752e-05,False,2.8061473787506035
SAI_1500_Turf,93.95207737010664,94.21021790606784,20,1500,SAI,Turf,0.0027475766708628174,False,2.596538428009275
SAI_1600_Turf,101.60934656252184,101.49308972907606,605,1600,SAI,Turf,0.0011441549166369244,False,2.4230300364212227
SAI_2000_Turf,129.61135638778623,129.7319570530589,366,2000,SAI,Turf,0.0009304791542481389,False,1.9517045457765148
SAI_2100_Turf,135.09693740254448,135.06260347047694,430,2100,SAI,Turf,0.0002541429341602018,False,1.8917459595552175
SAI_2400_Turf,156.02260494099076,156.07954425294574,410,2400,SAI,Turf,0.0003649427079910135,False,1.6622216560548566
SAI_2500_Turf,164.21520393923126,164.3366003727496,134,2500,SAI,Turf,0.0007392520948501891,False,1.6159485887850082
SAI_2800_Turf,186.50478115803705,186.57721073641872,61,2800,SAI,Turf,0.0003883523946782833,False,1.4144161591781232
SAI_3000_Turf,200.9080923910854,200.85887846458476,58,3000,SAI,Turf,0.0002449574126901878,False,1.3070534837047885
SAI_3100_Turf,206.00915745087647,205.7807706218325,80,3100,SAI,Turf,0.0011086246449915397,False,1.2701842498637679
SAL_1100_Turf,63.58583635568282,63.523217504458444,57,1100,SAL,Turf,0.0009847924445643026,False,3.726594815840325
SAL_1800_Turf,108.9149254896857,109.13937671130543,106,1800,SAL,Turf,0.002060793969335143,False,2.280259840936753
SAL_2000_Turf,122.34330357982113,122.43587482054608,134,2000,SAL,Turf,0.0007566514718523505,False,2.0676495242852435
SAL_2400_Turf,152.95688713910764,153.02848340253928,115,2400,SAL,Turf,0.0004680813317450058,False,1.695537596362981
SEN_1350_Turf,84.78532876572247,84.67081322454047,28,1350,SEN,Turf,0.001350652793933594,False,2.9077466409720807
SEN_2100_Turf,133.35402171319495,130.57428363329953,45,2100,SEN,Turf,0.020844801260466055,False,1.9164707760310458
SEN_2300_Turf,146.33059780879663,145.04551267332667,47,2300,SEN,Turf,0.008782067145991685,False,1.7570856530727232
SHT_1000_Turf,56.08999058356341,57.341692931196675,60,1000,SHT,Turf,0.022315966442683997,False,4.135748911534488
SHT_1200_All Weather,68.71587824249242,68.69818600604125,177,1200,SHT,All Weather,0.000257469407416054,False,3.8422802234672964
SHT_1200_Turf,68.7021342029216,68.67263800429176,267,1200,SHT,Turf,0.00042933453191893513,False,3.4936808014180816
SHT_1400_Turf,81.4440996933464,81.55263288795243,254,1400,SHT,Turf,0.0013326096674243391,False,2.9821662367377875
SHT_1600_Turf,94.05935794957448,93.98226074930119,162,1600,SHT,Turf,0.0008196653895364478,False,2.617522637504222
SHT_1650_All Weather,98.57,98.507327611333,88,1650,SHT,All Weather,0.0006358160562746924,False,2.7745810323095936
SHT_1800_All Weather,108.46,108.3141827236873,32,1800,SHT,All Weather,0.0013444336742826678,False,2.5188065991151016
SHT_1800_Turf,106.75735658042744,106.05543178710104,57,1800,SHT,Turf,0.0065749547929054575,False,2.326343950692027
SHT_2000_Turf,120.47811966685983,119.26388306569362,66,2000,SHT,Turf,0.010078482337902962,False,2.09965987306063
SHT_2400_Turf,146.63477295889038,142.9890234735449,20,2400,SHT,Turf,0.024862789444680875,False,1.768640190411823
SIN_1000_All Weather,59.07116121848405,59.05639383591346,27,1000,SIN,All Weather,0.00024999309757886594,False,4.3197310496496755
SIN_1000_Turf,58.78308089735536,60.66025174207278,29,1000,SIN,Turf,0.03193386287451076,False,3.9462735529125452
SIN_1100_All Weather,65.04,65.19083965173054,37,1100,SIN,All Weather,0.0023191828371853583,False,4.007603212428578
SIN_1100_Turf,65.26076334208224,65.19795184306577,40,1100,SIN,Turf,0.0009624695728309572,False,3.6309512176845815
SIN_1200_All Weather,71.99139346218087,71.91465228357774,45,1200,SIN,All Weather,0.0010659771246606475,False,3.6674614465966062
SIN_1200_Turf,70.19648055356717,70.2062724730736,136,1200,SIN,Turf,0.00013949302627721047,False,3.4193071417310312
SIN_1400_Turf,82.40162570587766,82.45997157350133,79,1400,SIN,Turf,0.000708066947998453,False,2.9475127730359763
SIN_1600_All Weather,99.61,99.54571836161064,22,1600,SIN,All Weather,0.0006453331833085062,False,2.7188309263360737
SIN_1600_Turf,95.68,95.7784836493128,64,1600,SIN,Turf,0.00102930235485783,False,2.57318665031484
SIN_1800_Turf,108.90639584824625,109.19888232641601,25,1800,SIN,Turf,0.002685668512777926,False,2.2804384328245897
SIO_1000_Turf,56.224697651429935,56.90058582012095,279,1000,SIO,Turf,0.012021197034819941,False,4.125840194679151
SIO_1100_All Weather,65.22968066491688,65.05367390981053,108,1100,SIO,All Weather,0.00269826179297886,False,3.995949547497097
SIO_1200_All Weather,71.1420292568324,70.86472279921803,242,1200,SIO,All Weather,0.0038979272943319965,False,3.711247243962451
SIO_1200_Turf,70.17981462099632,69.9607954741279,218,1200,SIO,Turf,0.003120828233178221,False,3.420119140773361
SIO_1300_All Weather,77.72356352847781,77.90237910219363,27,1300,SIO,All Weather,0.002300661029911549,False,3.4214508647034987
SIO_1400_All Weather,83.65460249918256,83.72790011249599,194,1400,SIO,All Weather,0.00087619343256272,False,3.193701490821322
SIO_1400_Turf,82.21919519738063,81.49105924340563,263,1400,SIO,Turf,0.008856033584699887,False,2.9540528060865987
SIO_1600_All Weather,96.98162570587769,96.53135101307149,108,1600,SIO,All Weather,0.0046428866244393584,False,2.7925160730309635
SIO_1600_Turf,94.45082946863047,93.26734197049906,213,1600,SIO,Turf,0.01253019697963033,False,2.6066737591107554
SIO_1800_Turf,108.74120565895173,108.64733690038209,25,1800,SIO,Turf,0.0008632308056620667,False,2.2839026767062904
SIO_2000_Turf,120.801340350133,120.3792914103482,137,2000,SIO,Turf,0.0034937438488805363,False,2.0940419428551795
SIO_2400_Turf,146.2036220472441,144.14160085807796,22,2400,SIO,Turf,0.01410376268585064,False,1.7738558671494613
SSB_1500_Turf,94.62080695280713,95.64116791234284,56,1500,SSB,Turf,0.010783684819393064,False,2.5781874741826556
SSB_1600_Turf,99.96369722029769,100.76603324943434,109,1600,SSB,Turf,0.008026274051953929,False,2.4629190951145845
SSB_2000_Turf,128.02206442513864,128.00149296844873,100,2000,SSB,Turf,0.00016068680646793348,False,1.9759334032160007
SSB_2200_Turf,146.67701071006567,146.32866571489853,66,2200,SSB,Turf,0.002374912015733041,False,1.7626529043418513
STD_1400_All Weather,83.51771857353059,82.8789394717566,20,1400,STD,All Weather,0.007648426138599538,False,3.198935905804046
STR_1400_Turf,85.97081037972283,85.8931046421444,108,1400,STR,Turf,0.0009038618716657888,False,2.825143129560285
STR_2000_Turf,131.47135319554744,131.1227718216728,102,2000,STR,Turf,0.00265138652186953,False,1.9240927190431434
STR_2100_Turf,136.69104262906046,135.29435968751923,85,2100,STR,Turf,0.010217808824031128,False,1.869684220443672
STR_2350_Turf,151.57460821878246,150.8076744952298,123,2350,STR,Turf,0.005059777046863044,False,1.7246353950325257
STR_3000_Turf,202.07855875898377,203.02560174055887,42,3000,STR,Turf,0.0046865089863621775,False,1.2994828529900997
SU1_1000_Turf,60.77260649832947,61.20449326940459,37,1000,SU1,Turf,0.007106602727118267,False,3.8170835656082747
SU1_1100_Turf,66.52411804293695,66.33227218685708,64,1100,SU1,Turf,0.002883854182870062,False,3.561996086457209
SU1_1200_Turf,72.83314753997105,71.76255558855807,31,1200,SU1,Turf,0.014699240491088688,False,3.295523197723539
SU1_1300_Turf,78.55437535017718,78.36422340088032,34,1300,SU1,Turf,0.0024206410966825013,False,3.0775133606140535
TAR_1500_Turf,90.11218666387506,91.1737685714441,91,1500,TAR,Turf,0.011780669705961217,False,2.707182993935484
TAR_2100_Turf,135.21359831735,134.78521853274464,115,2100,TAR,Turf,0.0031681708787894966,False,1.8901137804181503
TAR_2300_Turf,144.58822019138307,144.99595013911258,135,2300,TAR,Turf,0.0028199389078157164,False,1.7782596236060075
TOU_1300_Turf,77.0817397825272,79.38804708541076,31,1300,TOU,Turf,0.02992028085238365,False,3.136308811359518
TOU_2100_Turf,133.9143038361234,133.67880013634962,47,2100,TOU,Turf,0.0017586149726168802,False,1.9084524816131543
TOU_2700_Turf,177.28778706836866,177.30904879088067,20,2700,TOU,Turf,0.00011992773367862684,False,1.4922694553712383
U01_1200_All Weather,70.87965163445479,70.62308763252506,31,1200,U01,All Weather,0.003619713077215739,False,3.7249852943827357
U01_1300_All Weather,78.07703065525901,77.87923471250177,20,1300,U01,All Weather,0.002533343559523748,False,3.4059614128580558
U01_1600_All Weather,97.712314597039,97.87541992801917,58,1600,U01,All Weather,0.0016692402759346313,False,2.771633746362438
VIC_1000_Turf,57.536023735023825,57.3177993337298,77,1000,VIC,Turf,0.003792830771535984,False,4.031806552574518
VIC_1400_Turf,84.89562142046364,85.26395807992657,84,1400,VIC,Turf,0.004338700315751981,False,2.860923098543444
VIC_1600_Turf,98.80030752574848,98.8143099015404,258,1600,VIC,Turf,0.00014172401020380346,False,2.491920368142182
VIC_1850_Turf,117.40078819543865,117.10438531230868,62,1850,VIC,Turf,0.002524709481818347,False,2.1436721074897216
VIC_2000_Turf,126.23958959844353,126.8844341530264,300,2000,VIC,Turf,0.005108100847238697,False,2.0038331418135504
VIC_2400_Turf,152.50334509541204,152.8955045424621,279,2400,VIC,Turf,0.002571480952137227,False,1.7005800928809165
VIC_2600_Turf,173.0417095107745,173.79197344763298,22,2600,VIC,Turf,0.004335740434948562,False,1.531161147684827
VIC_2800_Turf,176.19076684799592,176.89184588929353,21,2800,VIC,Turf,0.003979090697201266,False,1.4972145303249056
VIC_3000_Turf,192.64076235935983,192.3354730920998,31,3000,VIC,Turf,0.0015847594430224356,False,1.3631467133336586
VIL_1800_All Weather,112.16206679595811,112.43129085764565,396,1800,VIL,All Weather,0.0024003129523041196,False,2.435669844039185
VIL_2150_All Weather,135.321406003937,135.60213380654395,380,2150,VIL,All Weather,0.002074526203184583,False,2.1174611806946633
VIL_2400_All Weather,155.2060141206643,155.22941825326828,295,2400,VIL,All Weather,0.00015079398009532237,False,1.838063876970117
VIL_3200_All Weather,212.97269614197276,212.95224042221014,50,3200,VIL,All Weather,9.60485552053427e-05,False,1.3597477927632957
VIT_1600_Turf,100.0486015171399,100.12787947743752,28,1600,VIT,Turf,0.0007923944872336395,False,2.460828986799436
VIT_2100_Turf,134.25424973847578,134.0188452484936,47,2100,VIT,Turf,0.0017534230047894187,False,1.9036200788979896
VIT_2400_Turf,149.9680241995561,150.18424914614795,28,2400,VIT,Turf,0.0014418069968309714,False,1.7293296631147717
VPR_1000_Turf,57.96748463518507,57.926554603278845,316,1000,VPR,Turf,0.000706086043992058,False,4.001797196546779
VPR_1100_All Weather,69.01218066491688,68.9297816338179,836,1100,VPR,All Weather,0.001193978081913814,False,3.776934889247187
VPR_1100_Turf,69.99784667541557,69.67352194892571,213,1100,VPR,Turf,0.004633352908608417,False,3.3852276802563805
VPR_1200_All Weather,75.03256072536388,74.9605726384003,93,1200,VPR,All Weather,0.000959424632021803,False,3.518814464772285
VPR_1200_Turf,76.20287819136244,77.54972511663087,42,1200,VPR,Turf,0.017674488906917526,False,3.1497934589615304
VPR_1300_All Weather,82.13472749909758,81.8953997023552,66,1300,VPR,All Weather,0.0029138441683513507,False,3.2376969126155495
VPR_1300_Turf,77.85442064060175,78.11188657478668,89,1300,VPR,Turf,0.0033070175343474944,False,3.1051819239765273
VPR_1400_Turf,83.39962111554237,83.61736237487021,28,1400,VPR,Turf,0.002610818327653761,False,2.9122415790176883
VPR_1600_Turf,96.12421001920215,96.69618635030105,38,1600,VPR,Turf,0.005950387846980849,False,2.561295418219214
WJD_1000_Turf,58.63465140044926,58.63058663943247,20,1000,WJD,Turf,6.932353002364857e-05,False,3.9562632669148043
WJD_1200_Turf,70.63491091734876,70.3916307502625,24,1200,WJD,Turf,0.003444191603369267,False,3.3980835278754937
WJD_2000_Turf,127.16634934482622,127.4431113374604,26,2000,WJD,Turf,0.0021763775877823304,False,1.9892296566630514
WVD_1000_All Weather,60.582704199312744,60.64962792324614,52,1000,WVD,All Weather,0.0011046671623178997,False,4.211953438308916
WVD_1200_All Weather,73.4523741350513,73.43065247185693,55,1200,WVD,All Weather,0.0002957244534319884,False,3.594514991766929
WVD_1400_All Weather,87.70987131991276,87.43048234611035,47,1400,WVD,All Weather,0.0031853766240674255,False,3.0460405960605867
WVD_1740_All Weather,108.81350980482348,108.73365061700011,24,1740,WVD,All Weather,0.000733908757897943,False,2.5435034482758625
WVD_1750_All Weather,109.14656379767492,109.08114991312381,34,1750,WVD,All Weather,0.0005993215203033182,False,2.6390620353330054
WVD_1900_All Weather,119.81118886733599,119.88284439349624,71,1900,WVD,All Weather,0.0005980704042558072,False,2.3686380329351744
WVD_2450_All Weather,158.46308320170215,158.68216016822055,57,2450,WVD,All Weather,0.0013825110687739506,False,1.7929640268876244
XGD_1000_Turf,56.904070570724116,56.60542966743611,23,1000,XGD,Turf,0.005248146578843297,False,4.076582135115262
XGD_1200_Turf,69.67888468486893,67.68160146011513,31,1200,XGD,Turf,0.028664110135900603,False,3.444706791257205
XGD_1400_Turf,82.34596070377567,81.64326012271201,51,1400,XGD,Turf,0.008533516095482833,False,2.9495052606249774
XGD_1600_Turf,95.54135947400515,94.70096434934347,53,1600,XGD,Turf,0.00879613948648425,False,2.5769206138322804
XTD_1000_Turf,47.37480969003729,49.691781421918414,22,1000,XTD,Turf,0.04890725149167985,False,4.896570962959145
93A_1200_Turf,71.58384367201894,71.49692930060259,13,1200,93A,Turf,0.001214161840967603,False,3.3530377103097253
93A_1400_Turf,84.53710645885306,84.97805608879652,11,1400,93A,Turf,0.005216048294225509,False,2.8730560396601876
A10_1200_Turf,71.0585638389289,70.81714378369492,12,1200,A10,Turf,0.003397480081095132,False,3.377824069527574
A10_1400_Turf,84.63132889254156,84.74509784424535,12,1400,A10,Turf,0.0013442888489703978,False,2.869857385737076
A10_1600_Turf,97.47106515094703,97.27673448203711,14,1600,A10,Turf,0.0019937267394068794,False,2.5259034393524504
A24_1220_Turf,72.20255604337338,71.86905736439238,15,1220,A24,Turf,0.0046189317561093415,False,3.2978360655737706
A24_1420_Turf,85.43131116280918,85.29079791544024,12,1420,A24,Turf,0.0016447511510289576,False,2.8333521126760566
A25_1000_Turf,58.217735364867536,58.92813690132779,11,1000,A25,Turf,0.012202493484295798,False,3.984595347965746
A25_1200_Turf,71.75674565711073,72.23090075482597,12,1200,A25,Turf,0.006607812176725348,False,3.344958374062085
A28_1500_Turf,88.30643856434396,85.661242624527,14,1500,A28,Turf,0.029954734703625845,False,2.762541251225182
A28_1600_Turf,93.43806743727222,88.93764152351112,13,1600,A28,Turf,0.048164800891054134,False,2.634927128254306
A29_1100_Turf,65.14837078861898,66.0553978803931,10,1100,A29,Turf,0.013922483107322425,False,3.6372152558165594
A30_1600_Turf,97.44298228819882,96.2852968613923,14,1600,A30,Turf,0.011880644450952205,False,2.5266313994162424
A30_1760_Turf,106.33905473354294,105.21977270645827,11,1760,A30,Turf,0.010525596920992808,False,2.286
A33_1000_Turf,57.741068698200856,58.05218290745979,11,1000,A33,Turf,0.005388092327924402,False,4.01748915865113
A33_1200_Turf,71.44580705022193,71.58094621698989,19,1200,A33,Turf,0.0018914919202041077,False,3.359515935098533
A33_1400_Turf,84.44804752445823,84.77207268179986,16,1400,A33,Turf,0.003836976304843252,False,2.8760859653582878
A33_1500_Turf,91.04204776702184,90.566826138174,10,1500,A33,Turf,0.0052198038214600374,False,2.6795330868112193
A33_1600_Turf,97.93727818113643,98.21279281191691,10,1600,A33,Turf,0.002813174267217326,False,2.5138793243443907
A38_1300_Turf,77.38449917866217,77.27445200694177,10,1300,A38,Turf,0.0014220828833733678,False,3.124038305355109
AGE_1200_Turf,72.56137028952898,77.64953366642366,16,1200,AGE,Turf,0.07012220630057389,True,3.307866518003622
AGL_2200_Turf,140.45361565692104,137.78597124829344,10,2200,AGL,Turf,0.01899306326968278,False,1.8407547411225234
AIX_1200_Turf,76.27111378948649,78.34729364968288,17,1200,AIX,Turf,0.027221050762767006,False,3.1469755108556106
ARG_1300_Turf,78.4110830894592,78.9869056508409,18,1300,ARG,Turf,0.00734363738764765,False,3.0831373595368725
ARG_2900_Turf,194.26034651570774,194.20323135031958,16,2900,ARG,Turf,0.00029401350513670593,False,1.37232845114319
BED_1200_Turf,69.67278116459218,68.38335323989476,11,1200,BED,Turf,0.018506910491362875,False,3.445008556701278
BED_1600_All Weather,98.03312207727281,96.88556245456576,11,1600,BED,All Weather,0.011705835725628598,False,2.7625637420673526
BED_1600_Turf,95.25021398548958,93.90189487233513,16,1600,BED,Turf,0.014155549439078938,False,2.5847973290603883
BRA_2950_Turf,194.00540170458933,192.4780978257797,18,2950,BRA,Turf,0.007872481206143082,False,1.3806691515056566
BRA_3000_Turf,195.26557323495246,193.30858410188827,10,3000,BRA,Turf,0.010022192343703338,False,1.3448229389022008
BRI_1700_Turf,106.10238120749399,109.44586732921242,17,1700,BRI,Turf,0.03151188581884794,False,2.3498340169895484
CAV_2900_Turf,189.75276769736743,183.97765965598654,11,2900,CAV,Turf,0.030434908072547767,False,1.4049281266749036
CHA_1700_All Weather,103.65270303820925,102.95164507640456,14,1700,CHA,All Weather,0.006763528024409203,False,2.6459057513276822
CHA_3000_All Weather,196.70773819888615,195.18156243792754,11,3000,CHA,All Weather,0.007758595441809875,False,1.4684596900739137
CHD_1200_All Weather,70.33633617825744,69.73191935260434,15,1200,CHD,All Weather,0.00859323727242908,False,3.7537590718427496
CLA_3400_Turf,222.7758008269545,224.27450155095255,11,3400,CLA,Turf,0.006727394620218139,False,1.189668048995202
CRA_1300_Turf,79.61065894261631,79.34786799563649,11,1300,CRA,Turf,0.0033009517879916124,False,3.036680551144759
D04_2000_Turf,129.6799279528297,133.44970258178316,10,2000,D04,Turf,0.029069839014135554,False,1.9506725322851513
D08_1400_Turf,85.00464192380285,85.3599932321055,19,1400,D08,Turf,0.004180375333163302,False,2.8572538956721756
D08_3200_Turf,209.17505834008202,207.85487533580053,10,3200,D08,Turf,0.006311378683280215,False,1.2585767581728087
D09_1300_Turf,80.50204684867803,83.55513969861504,10,1300,D09,Turf,0.037925654929942175,False,3.0030558120999067
D09_1400_Turf,86.73496216830269,87.98881243776687,13,1400,D09,Turf,0.014456111331796955,False,2.800253072292969
D09_1750_Turf,110.78392858662399,108.08546075303647,14,1750,D09,Turf,0.02435793592098093,False,2.363688377090548
D09_1900_Turf,120.66066381480273,120.3304252313065,12,1900,D09,Turf,0.002736919995758479,False,2.138147593198968
D09_2200_Turf,140.82930587892707,140.39166229825696,12,2200,D09,Turf,0.003107617252948479,False,1.8358441612326708
D12_1300_Turf,80.71646440120809,82.88957897420238,11,1300,D12,Turf,0.026922816665911457,False,2.995078407711367
D12_1400_Turf,90.47788326440359,91.73815550658836,17,1400,D12,Turf,0.013929064172532354,False,2.684411212154865
D12_2050_Turf,131.81878154946685,133.169482478647,17,2050,D12,Turf,0.010246650085088932,False,1.9224206763882277
D12_2200_Turf,137.67765628756933,136.60022864675727,11,2200,D12,Turf,0.007825726191631433,False,1.8778694081504441
D13_1300_Turf,77.4144070885765,76.65287068876907,11,1300,D13,Turf,0.00983714050714212,False,3.122831379413035
D13_1600_Turf,96.30124875287157,94.56485421355917,14,1600,D13,Turf,0.018030862131064765,False,2.556586772139676
D13_2100_Turf,135.18628087649904,135.29406186123563,14,2100,D13,Turf,0.0007972775346564733,False,1.8904957205903585
D13_2200_Turf,140.3835189416846,138.94833379649612,13,2200,D13,Turf,0.010223316497605826,False,1.841673872241912
D13_2300_Turf,146.78900416518798,145.4246072441048,15,2300,D13,Turf,0.009294953180197036,False,1.751598462552743
D14_1400_Turf,87.88406635620562,96.62792058108288,10,1400,D14,Turf,0.09949305474142796,True,2.763639125465363
D16_1400_Turf,86.00684444705558,86.49211382474604,19,1400,D16,Turf,0.005642218137524872,False,2.823959486579198
D16_2000_Turf,127.84463186292686,129.6363793609114,15,2000,D16,Turf,0.014015038972505552,False,1.978675754782771
D20_1550_Turf,92.17287957603884,93.95663026718937,11,1550,D20,Turf,0.019352229195346002,False,2.5641785209559878
D20_2050_Turf,128.0,128.30802577783385,12,2050,D20,Turf,0.0024064513893269357,False,1.9797746186484226
D21_1900_Turf,123.38539003842395,123.90649093229025,10,1900,D21,Turf,0.004223359781121785,False,2.0909307645667656
D25_1900_Turf,118.57853639856722,116.08716345454496,12,1900,D25,Turf,0.021010319571226913,False,2.175691451126122
D27_1200_Turf,68.02051513482529,65.85898951754992,15,1200,D27,Turf,0.03177755435975389,False,3.5286902312550703
D27_1850_Turf,110.9644476759821,107.2125734447393,19,1850,D27,Turf,0.0338114982755407,False,2.2680128664880774
D27_2000_Turf,120.38293501594225,116.80814349084385,13,2000,D27,Turf,0.029695168377685734,False,2.1013200368706952
DAX_1200_Turf,72.96635373678792,73.32041317182824,19,1200,DAX,Turf,0.0048523657399342415,False,3.289506943803628
DEA_1100_Turf,63.71795954702636,62.80579938947696,18,1100,DEA,Turf,0.014315589576847499,False,3.718867487416543
DUR_2000_Turf,132.31716634971568,137.8813029555349,11,2000,DUR,Turf,0.04205150971199869,False,1.911793310156886
DUR_2300_Turf,148.42253761876793,150.7558656519978,16,2300,DUR,Turf,0.015720847188471825,False,1.7323204288273757
E2D_2050_All Weather,127.53869573321187,127.20402629385102,10,2050,E2D,All Weather,0.0026240619557606278,False,2.1856289552215413
F03_1300_All Weather,88.08913294951354,88.61954573835567,19,1300,F03,All Weather,0.006021319214778999,False,3.0188440360147317
F03_2400_Turf,155.8866401812512,154.88382959538592,17,2400,F03,Turf,0.006432947587421932,False,1.66367145039154
F18_1400_Turf,82.9928263688643,81.74687743187977,11,1400,F18,Turf,0.015012730515368552,False,2.9265161208935906
F18_1450_Turf,86.55167291588552,85.92170306258281,10,1450,F18,Turf,0.007278540461198732,False,2.8082247848078987
F18_1700_Turf,102.64042124296961,100.50398138439213,10,1700,F18,Turf,0.020814800180136744,False,2.4290915959392505
F18_1800_Turf,108.24769119237948,105.02691197919192,14,1800,F18,Turf,0.029753791306860636,False,2.2943152684094654
F18_2000_Turf,119.97236064346065,112.7735022523718,12,2000,F18,Turf,0.060004307262759835,True,2.108511261173476
F18_2400_Turf,148.71003757493682,140.66544335577578,13,2400,F18,Turf,0.05409583879035248,True,1.7439586257674073
G67_1000_Turf,59.3584323793886,60.57692514212915,15,1000,G67,Turf,0.020527711293865814,False,3.908022975089583
G67_3200_All Weather,208.78616721828067,209.0714529189615,12,3200,G67,All Weather,0.0013664013496765134,False,1.3870131213967702
G67_3200_Turf,208.64572333856924,200.77998292376535,13,3200,G67,Turf,0.037699025357160874,False,1.2617697722424541
GPD_1800_Turf,107.34688625285007,104.43079010731695,14,1800,GPD,Turf,0.02716516749879827,False,2.313568090720053
GPD_2200_Turf,137.73879530817786,132.88203056537583,10,2200,GPD,Turf,0.03526068840616375,False,1.8770358659651203
GPD_2400_Turf,146.27091737113918,138.581579388376,15,2400,GPD,Turf,0.05256915127737041,True,1.773039763666497
HOP_1200_Turf,71.52941163064469,72.16401609303075,19,1200,HOP,Turf,0.00887193740195938,False,3.3555892857136924
HOP_2800_Turf,182.34550439686203,180.65434944104348,11,2800,HOP,Turf,0.009274453798092375,False,1.4466788041002385
HWM_2850_All Weather,189.42782896342916,190.1657580692032,14,2850,HWM,All Weather,0.003895568617409997,False,1.5494478478966558
JAG_1200_Turf,73.4904202228218,78.113,10,1200,JAG,Turf,0.06290044012760593,True,3.266049187818613
LAT_1000_Turf,57.042525142313835,57.01245894650511,13,1000,LAT,Turf,0.0005270838858151966,False,4.0666873867383355
LAT_2100_Turf,134.39000672831796,134.2800151675792,16,2100,LAT,Turf,0.000818450444467357,False,1.9016970956494157
LAT_3000_Turf,192.95858824445932,187.6060970233227,10,3000,LAT,Turf,0.02773906707047192,False,1.3609014475767551
LIG_1600_Turf,106.44300447292572,107.86465494588438,17,1600,LIG,Turf,0.013355978441216058,False,2.312998396853282
LIS_1900_Turf,130.55272223809578,136.25001787758265,16,1900,LIS,Turf,0.0436398072887091,False,1.9761388618071096
LPA_1000_Turf,58.92492425792257,59.351756935129934,11,1000,LPA,Turf,0.007243669509680812,False,3.936774131241462
LPA_1200_Turf,68.17879739316375,66.62893014523571,11,1200,LPA,Turf,0.022732393459369508,False,3.5204981087751297
LPA_1600_Turf,92.1074870832517,84.32371028555481,10,1600,LPA,Turf,0.08450753618608108,True,2.6729911595524567
LSO_3400_Turf,228.63237839794988,233.38591352221064,15,3400,LSO,Turf,0.0207911720884385,False,1.1591938735459666
LYO_1000_Turf,57.154482239160224,56.19660544131833,17,1000,LYO,Turf,0.016759434436545165,False,4.058721353353659
LYO_2800_Turf,184.79960406611633,185.67361388916663,11,2800,LYO,Turf,0.004729500517423206,False,1.4274672154574977
MAI_1000_Turf,57.969541979367065,58.751100405355714,11,1000,MAI,Turf,0.013482225308366713,False,4.001655172409642
MAI_3000_Turf,195.3416191598303,193.2223417469452,17,3000,MAI,Turf,0.010849082863140756,False,1.3442994032387536
MAI_3100_Turf,198.84434769270362,196.44092325675322,15,3100,MAI,Turf,0.01208696381787366,False,1.3159518495652471
MAL_1650_Turf,106.13596030183729,105.86553536192338,10,1650,MAL,Turf,0.00254791061526041,False,2.3425395431652367
MAN_1600_Turf,97.37530917721222,97.02631863842136,18,1600,MAN,Turf,0.0035839736144584037,False,2.5283873374313273
MAR_3000_Turf,193.89914445318544,192.70999331317637,18,3000,MAR,Turf,0.006132833351908777,False,1.3543000553447655
MOU_1000_Turf,59.94477739943446,60.64159724034026,15,1000,MOU,Turf,0.01162436280749918,False,3.8697969625981234
MOU_1600_Turf,101.28000581204101,105.12754132539607,15,1600,MOU,Turf,0.03798909254108305,False,2.4309092078749988
MXD_1800_All Weather,110.93228774974155,110.58872860231294,18,1800,MXD,All Weather,0.0030970166972816935,False,2.462671322134167
MXD_1800_Turf,110.24388989830108,109.66297260101567,17,1800,MXD,Turf,0.0052693831632873315,False,2.252771839798591
MXD_2400_All Weather,153.42524295225036,151.14514206884454,10,2400,MXD,All Weather,0.014861315123453608,False,1.8593978575774035
N11_1600_All Weather,99.92727818113644,102.79599999999998,10,1600,N11,All Weather,0.028708095237653244,False,2.710198391288319
NIM_1900_Turf,119.2881357417314,115.78015460736215,18,1900,NIM,Turf,0.029407628114536996,False,2.1627490975966004
NMS_1200_Turf,71.1404202228218,70.58881643928865,10,1200,NMS,Turf,0.007753732432356351,False,3.373937439916842
NMS_1600_Turf,97.39067667924908,97.69164329166958,13,1600,NMS,Turf,0.003090302097517124,False,2.5279883772958933
NMS_2400_Turf,152.06377813098237,150.081228514953,10,2400,NMS,Turf,0.01303761908586581,False,1.705495917269768
OST_1000_Turf,58.228636505253625,58.73966419805129,17,1000,OST,Turf,0.008776226328973964,False,3.9838493811034446
OST_1200_Turf,71.46346881352704,72.17836674039002,17,1200,OST,Turf,0.010003683542543827,False,3.3586856510911853
OST_2400_Turf,157.0540247230142,155.41287805510075,10,2400,OST,Turf,0.01044956772555076,False,1.6513053595690679
PAU_1300_All Weather,78.15220346643896,78.20044435681581,12,1300,PAU,All Weather,0.000617268461247699,False,3.40268529673057
PDF_2400_Turf,154.56059856229416,153.5225621024748,16,2400,PDF,Turf,0.006716048394448872,False,1.6779448008056213
PET_3700_Turf,239.61790076318434,221.56644812099645,12,3700,PET,Turf,0.07533432429169067,True,1.0873945945945946
PID_1200_All Weather,71.41633617825744,70.86413659785603,15,1200,PID,All Weather,0.00773211858730892,False,3.6969925109333373
PID_1700_Turf,104.5806150072644,104.80530614292715,13,1700,PID,Turf,0.00214849698146396,False,2.384026758951871
PMO_2000_All Weather,124.47468186727671,123.44151617090917,14,2000,PMO,All Weather,0.008300207567263983,False,2.235469708511739
POM_2300_Turf,146.76529890439832,147.22610247519964,10,2300,POM,Turf,0.0031397310824916535,False,1.751881377510594
PON_1500_Turf,96.85758286502086,95.99222014397074,19,1500,PON,Turf,0.008934382786075445,False,2.5186482262596566
S-M_1100_Turf,65.21155600738811,66.70909182561846,12,1100,S-M,Turf,0.022964270597387433,False,3.6336910607854946
S84_1000_Turf,56.57968511092576,56.26973511800875,14,1000,S84,Turf,0.005478114491258624,False,4.099954198210216
S84_1300_All Weather,75.02402541972594,69.48428271713816,11,1300,S84,All Weather,0.07383958234172852,True,3.544562587179278
S84_1300_Turf,77.06095159872586,77.43435206895862,11,1300,S84,Turf,0.004845521142499444,False,3.1371548710392343
S84_1600_Turf,96.79693160108233,92.7422291094467,11,1600,S84,Turf,0.04188875023792903,False,2.5434948673452684
S85_1300_Turf,78.12985959127138,78.49705495826788,17,1300,S85,Turf,0.004699808356465044,False,3.094234917860648
S85_1500_All Weather,91.3440117636278,90.42071599908792,10,1500,S85,All Weather,0.010107895927859097,False,2.9377426284435746
S85_1500_Turf,91.73935641482547,91.80959346814996,13,1500,S85,Turf,0.0007656152830078025,False,2.659166020085128
S87_1600_All Weather,96.7580972194909,95.55282993301681,10,1600,S87,All Weather,0.012456500500831557,False,2.798967283926517
S88_1700_Turf,103.17356100306485,97.32848002502558,14,1700,S88,Turf,0.056652895579184584,True,2.4165394915229848
S88_1800_All Weather,110.68675971701373,104.3970575112743,12,1800,S88,All Weather,0.05682434124749825,True,2.4681340788950004
S88_2000_Turf,121.38467139038234,116.41364971167475,17,2000,S88,Turf,0.0409526311828979,False,2.0839787309944087
SA7_1100_Turf,64.02005872083897,61.623544080058615,13,1100,SA7,Turf,0.03743380885091688,False,3.701318818797446
SA7_1200_All Weather,72.4904202228218,72.32975818421403,10,1200,SA7,All Weather,0.0022163209719839303,False,3.642214505002875
SA7_1300_All Weather,75.22351628207592,73.8753080263967,19,1300,SA7,All Weather,0.017922696549090632,False,3.535162496860204
SA7_1600_Turf,93.98203202471322,88.3665111450157,19,1600,SA7,Turf,0.05975100515193025,True,2.6196762657502792
SA7_2000_Turf,115.76516109801675,106.54250562770392,16,2000,SA7,Turf,0.07966693418673806,True,2.185139907783845
SEN_2900_Turf,185.43247533191203,181.4608624361986,18,2900,SEN,Turf,0.021418108605865863,False,1.4376607979549625
SHT_1650_Turf,99.5601651536843,98.05020856353309,12,1650,SHT,Turf,0.015166272452645967,False,2.497260662184317
SIN_1700_All Weather,105.62320725835407,106.14702960500041,10,1700,SIN,All Weather,0.004959348993872842,False,2.596543792110294
SIN_1700_Turf,105.69357344058982,106.12890732157086,12,1700,SIN,Turf,0.004118830188154708,False,2.3589228420316966
SIO_1000_All Weather,61.1890267510633,63.54402618587365,11,1000,SIO,All Weather,0.03848728374764388,False,4.1702171582572705
SIO_1100_Turf,63.64827752318687,62.32749655627888,11,1100,SIO,Turf,0.020751244468899144,False,3.722938897091685
SIO_1800_All Weather,110.05952997647572,108.77668276225754,15,1800,SIO,All Weather,0.011655939421987147,False,2.4821999857569437
SIO_2000_All Weather,124.0534378961814,121.8467502902543,16,2000,SIO,All Weather,0.017788201950306667,False,2.2430606157308106
SIO_2200_Turf,137.3625357908518,133.98033896804728,12,2200,SIO,Turf,0.02462241107687662,False,1.8821773887600042
SIO_2400_All Weather,152.61216183703107,140.46208828628102,11,2400,SIO,All Weather,0.07961405830634041,True,1.8693042848599801
SSB_1400_Turf,88.03014531394878,90.16820567477079,19,1400,SSB,Turf,0.024287820418754033,False,2.759053088243836
SSB_2400_Turf,153.13377813098236,152.04860955851217,10,2400,SSB,Turf,0.007086408927637119,False,1.6935790126276211
STD_1100_Turf,62.71787898550407,61.36257774193266,11,1100,STD,Turf,0.021609487844521345,False,3.7781674373702416
STD_1200_All Weather,73.24876281619625,74.17488795603134,13,1200,STD,All Weather,0.012643560167139306,False,3.6045067501254207
STD_1400_Turf,82.93346178179571,81.99927474337242,10,1400,STD,Turf,0.011264295717948042,False,2.928610949896671
STD_1600_Turf,96.23198102707516,94.56939558016397,13,1600,STD,Turf,0.017276849433697315,False,2.5584270018597466
STD_1700_Turf,102.86456580668325,101.50174991016856,15,1700,STD,Turf,0.013248642871597535,False,2.423798542187237
STD_1800_All Weather,110.39765372708618,109.3574714478373,16,1800,STD,All Weather,0.009422141179017391,False,2.4745975527285733
SU1_1000_All Weather,59.41462213311091,61.85118267304456,10,1000,SU1,All Weather,0.041009442666736944,False,4.294759776182165
SU1_1200_All Weather,73.06035018568484,74.19489649973207,14,1200,SU1,All Weather,0.015528892363145643,False,3.6138022790513182
SU1_1300_All Weather,79.26041598221848,80.29321951496163,14,1300,SU1,All Weather,0.013030508608166548,False,3.3551092351320326
SU1_1400_Turf,84.69640887713258,84.71424926640215,18,1400,SU1,Turf,0.00021063926447514736,False,2.867652212260204
SU1_1500_Turf,91.05628081951856,90.2872886836866,15,1500,SU1,Turf,0.008445239899004597,False,2.6791142476630787
TOK_2400_Turf,148.7402648866499,142.7953367297859,11,2400,TOK,Turf,0.0399685193608767,False,1.743604214801177
U01_1200_Turf,69.80132429160125,68.80580715798597,19,1200,U01,Turf,0.014262152526740304,False,3.4386643766023246
U01_1400_All Weather,83.79777556955493,82.77806396399797,15,1400,U01,All Weather,0.012168719260460193,False,3.1882448776214387
U01_1600_Turf,96.50856515094704,96.02004589680789,14,1600,U01,Turf,0.0050619264038903305,False,2.551094799897229
U01_1800_All Weather,110.82631607959539,109.61742624234516,17,1800,U01,All Weather,0.010907967349397429,False,2.465026118379855
VIL_1800_Turf,112.21849000297398,112.9042603943488,13,1800,VIL,Turf,0.006111028506591407,False,2.2131319951477444
VIT_1300_Turf,76.21006737468312,74.94729189967889,10,1300,VIT,Turf,0.016569667479702625,False,3.1721811566744695
VPR_1400_All Weather,87.37876581024064,89.25285594483573,18,1400,VPR,All Weather,0.021447889738624038,False,3.057582997863685
VPR_1700_All Weather,108.44636490844262,110.73944107811204,14,1700,VPR,All Weather,0.021144795140025038,False,2.528948603680742
VY3_2000_Turf,128.5895246672015,130.76735123119687,10,2000,VY3,Turf,0.016936267317510863,False,1.9672136910140081
WJD_1600_Turf,100.0821493979318,101.62747093322022,11,1600,WJD,Turf,0.015440531049589519,False,2.460004108457044
WJD_2300_Turf,146.42529458118435,147.14058232122065,16,2300,WJD,Turf,0.004885001202027405,False,1.7559493033687277
WVD_1200_Turf,72.7004202228218,73.7185853689788,10,1200,WVD,Turf,0.01400494169134624,False,3.301539751015753
WVD_1400_Turf,86.43853503028163,88.09058611129004,11,1400,WVD,Turf,0.01911243729928617,False,2.8098560925623857
WVD_1430_All Weather,88.2400370951989,88.26666125873605,16,1430,WVD,All Weather,0.0003017243012763719,False,3.0948923076923083
WVD_1440_All Weather,88.69783036962717,88.57183667886562,18,1440,WVD,All Weather,0.001420482217394699,False,3.073400000000001
WVD_1450_All Weather,88.64120165711589,88.60852170787052,12,1450,WVD,All Weather,0.00036867673987291485,False,3.0162295112840534
WVD_1900_Turf,120.71260772186459,120.17877975947786,16,1900,WVD,Turf,0.0044223049477708515,False,2.1372275257597697
WVD_2450_Turf,159.45567909658874,160.32233448746177,11,2450,WVD,Turf,0.0054350863875351025,False,1.6198209113087574
WVD_2800_All Weather,183.7446445299874,182.88243344282648,18,2800,WVD,All Weather,0.004692441999419477,False,1.579229231956967
XGD_1900_Turf,115.1165070634808,110.62201528505402,18,1900,XGD,Turf,0.03904298256676862,False,2.2411234888072307
XGD_2000_Turf,120.41166062782676,115.65732369444802,13,2000,XGD,Turf,0.03948402429290993,False,2.100818742365582
XKD_1000_Turf,58.56663241008531,59.71247420970788,16,1000,XKD,Turf,0.01956475474975832,False,3.960858051042825
XKD_1200_Turf,72.04201394677365,72.40019286747474,19,1200,XKD,Turf,0.004971806048699914,False,3.331713178625609
XKD_1600_Turf,99.06843471012404,100.49301919887834,12,1600,XKD,Turf,0.014379802132966617,False,2.485176024255523
XTD_1400_Turf,74.68748698697124,67.36685846261807,11,1400,XTD,Turf,0.09801680066742914,True,3.251948272531554
XTD_1800_Turf,98.82679462784452,91.55267327225367,11,1800,XTD,Turf,0.07360474841851605,True,2.513026265882502
ZAD_1200_All Weather,73.42442773987709,74.6109204240577,19,1200,ZAD,All Weather,0.01615937257807483,False,3.5958831159663496
ZAD_1400_All Weather,86.72675841556837,88.06155478728323,18,1400,ZAD,All Weather,0.015390825116729472,False,3.080569752596045
ZAD_1600_All Weather,100.69091298652602,102.06748000229175,18,1600,ZAD,All Weather,0.013671213964957647,False,2.689644383387174
ZAD_2400_All Weather,157.82877813098239,160.68164079384022,10,2400,ZAD,All Weather,0.01807568110607962,False,1.8075193346992382
